,resource_id,sg_dep_median,sg_dep_cat,identity,ParentGlobalID,gitonga_s,gitonga_p,portuguese,scientific,family,phylum,category,focal,id,ccp,gender,fish_pract,pract_cat
91,01,0.0,none,0.2333333333333333,fa135abb-d0cf-4f86-81fa-d786fd8a957a,hili,mihili,pescadinha,Sillago sihama,Sillaginidae,bony fish,fish,1.0,02022023MARB04,marrambone,f,shrimp_net,shrimp_net
238,01,0.0,none,0.2333333333333333,f1ab0d58-a047-4854-9fab-5639a38d0919,hili,mihili,pescadinha,Sillago sihama,Sillaginidae,bony fish,fish,1.0,14022023SAHB02,sahane,m,hand_line,fish
133,01,0.0,none,0.1666666666666666,b1aecc22-d28c-4728-9c70-966d76a26e88,hili,mihili,pescadinha,Sillago sihama,Sillaginidae,bony fish,fish,1.0,31012023MUB02,mucucune,m,fence_trap,fish
108,01,0.0,none,0.2,e8d84b41-6838-4a4d-b98d-66385c122993,hili,mihili,pescadinha,Sillago sihama,Sillaginidae,bony fish,fish,1.0,02022023MARB05,marrambone,m,fence_trap,fish
231,01,0.0,none,0.1,ba1de70c-3350-4192-9540-077338da9ce6,hili,mihili,pescadinha,Sillago sihama,Sillaginidae,bony fish,fish,1.0,17022023NHCHB05,nhamaxaxa,m,hand_line,fish
144,01,0.0,none,0.5,942decee-217f-4b36-be4c-3948ed7665d0,hili,mihili,pescadinha,Sillago sihama,Sillaginidae,bony fish,fish,1.0,31012023MUCB05,mucucune,m,hand_line,fish
116,01,0.0,none,0.1666666666666666,a9a9124d-f801-444e-a6ac-6f1064ecb6a6,hili,mihili,pescadinha,Sillago sihama,Sillaginidae,bony fish,fish,1.0,02022023MARB06,marrambone,m,hand_line,fish
228,01,0.0,none,0.3,affb9ddf-bde5-4005-8a5c-962978da994f,hili,mihili,pescadinha,Sillago sihama,Sillaginidae,bony fish,fish,1.0,17022023NHCHB04,nhamaxaxa,m,gill_net,fish
210,01,0.0,none,0.0666666666666666,8407b1b2-9c62-4161-a560-a8c8415ca76a,hili,mihili,pescadinha,Sillago sihama,Sillaginidae,bony fish,fish,1.0,08022023MADB06,madava,m,gill_net,fish
130,01,0.0,none,0.3333333333333333,47619fa4-71bc-4eef-b706-4e52c3cd7db8,hili,mihili,pescadinha,Sillago sihama,Sillaginidae,bony fish,fish,1.0,31012023MUCB01,mucucune,m,basket_trap,fish
177,01,0.0,none,0.1,caac8748-ebed-413c-a5d2-a635b5bd8932,hili,mihili,pescadinha,Sillago sihama,Sillaginidae,bony fish,fish,1.0,09022023NHMPB04,nhampossa,m,fence_trap,fish
35,01,0.0,none,0.4,5861a90d-3554-4a81-b5e8-e8f9870b88fb,hili,mihili,pescadinha,Sillago sihama,Sillaginidae,bony fish,fish,1.0,04022023CHAB02,chamane,m,hand_line,fish
120,01,0.0,none,0.2333333333333333,c4bf73af-5f99-4b43-abd8-9373a369c415,hili,mihili,pescadinha,Sillago sihama,Sillaginidae,bony fish,fish,1.0,02022023MARB07,marrambone,m,gill_net,fish
37,01,0.0,none,0.2333333333333333,d4d143b4-de71-42bd-be9e-b42bcadd5863,hili,mihili,pescadinha,Sillago sihama,Sillaginidae,bony fish,fish,1.0,04022023CHAB03,chamane,m,hand_line,fish
38,01,0.0,none,0.2333333333333333,d4d143b4-de71-42bd-be9e-b42bcadd5863,hili,mihili,pescadinha,Sillago sihama,Sillaginidae,bony fish,fish,1.0,04022023CHAB03,chamane,m,shrimp_net,shrimp_net
146,01,0.0,none,0.1333333333333333,72b20ec3-78b0-44b1-8f62-06504a26e4c5,hili,mihili,pescadinha,Sillago sihama,Sillaginidae,bony fish,fish,1.0,31012023MUCB06,mucucune,m,gill_net,fish
66,01,0.0,none,0.2,fb35740b-c147-41b7-b604-35eed1bf5c77,hili,mihili,pescadinha,Sillago sihama,Sillaginidae,bony fish,fish,1.0,04022023CHAB08,chamane,m,gill_net,fish
125,01,0.0,none,0.2666666666666666,926e019e-024f-43c8-8bfb-1a8170a861dd,hili,mihili,pescadinha,Sillago sihama,Sillaginidae,bony fish,fish,1.0,02022023MARB09,marrambone,f,shrimp_net,shrimp_net
67,01,0.0,none,0.2,fb35740b-c147-41b7-b604-35eed1bf5c77,hili,mihili,pescadinha,Sillago sihama,Sillaginidae,bony fish,fish,1.0,04022023CHAB08,chamane,m,shrimp_net,shrimp_net
167,01,0.0,none,0.1,a00016e0-0782-4f50-a9a8-4a5e202f5c50,hili,mihili,pescadinha,Sillago sihama,Sillaginidae,bony fish,fish,1.0,09022023NHMPB02,nhampossa,m,gill_net,fish
54,01,0.0,none,0.3333333333333333,6b249316-c1e7-4f4f-a49f-435e11af63a2,hili,mihili,pescadinha,Sillago sihama,Sillaginidae,bony fish,fish,1.0,04022023CHAB07,chamane,m,gill_net,fish
90,01,0.0,none,0.2333333333333333,fa135abb-d0cf-4f86-81fa-d786fd8a957a,hili,mihili,pescadinha,Sillago sihama,Sillaginidae,bony fish,fish,1.0,02022023MARB04,marrambone,f,glean,glean
55,01,0.0,none,0.3333333333333333,6b249316-c1e7-4f4f-a49f-435e11af63a2,hili,mihili,pescadinha,Sillago sihama,Sillaginidae,bony fish,fish,1.0,04022023CHAB07,chamane,m,shrimp_net,shrimp_net
56,01,0.0,none,0.3333333333333333,6b249316-c1e7-4f4f-a49f-435e11af63a2,hili,mihili,pescadinha,Sillago sihama,Sillaginidae,bony fish,fish,1.0,04022023CHAB07,chamane,m,glean,glean
348,01,0.0,none,0.2,d63dc568-99da-438e-bd41-3a79bf13b0d9,hili,mihili,pescadinha,Sillago sihama,Sillaginidae,bony fish,fish,1.0,07022023CUGBO8,kuguana,f,glean,glean
345,01,0.0,none,0.4,1dfbdb30-77d7-4a1e-aaf1-2a5bccccfb75,hili,mihili,pescadinha,Sillago sihama,Sillaginidae,bony fish,fish,1.0,07022023CUGB07,kuguana,m,fence_trap,fish
342,01,0.0,none,0.3333333333333333,454f8afd-86aa-4418-80e3-4e1ccb572b8c,hili,mihili,pescadinha,Sillago sihama,Sillaginidae,bony fish,fish,1.0,07022023CUGB06,kuguana,m,fence_trap,fish
338,01,0.0,none,0.1333333333333333,368b8b4c-a618-434a-8ebe-7f7fa8c143fc,hili,mihili,pescadinha,Sillago sihama,Sillaginidae,bony fish,fish,1.0,07022023CUGB05,kuguana,m,drag_net,fish
5,01,0.0,none,0.6666666666666666,8b4320ee-bf8d-4616-b0bc-d8bc33e9cc99,hili,mihili,pescadinha,Sillago sihama,Sillaginidae,bony fish,fish,1.0,16022023NHMUB07,nhamua,m,gill_net,fish
335,01,0.0,none,0.2333333333333333,f24eae6e-daf3-4cb3-bc7f-4c8139f8238b,hili,mihili,pescadinha,Sillago sihama,Sillaginidae,bony fish,fish,1.0,07022023CUGB03,kuguana,f,glean,glean
7,01,0.0,none,0.1666666666666666,1205bf41-13d7-4421-b564-4a77c527cd17,hili,mihili,pescadinha,Sillago sihama,Sillaginidae,bony fish,fish,1.0,13022023NHMUB01,nhamua,m,fence_trap,fish
92,01,0.0,none,0.2333333333333333,fa135abb-d0cf-4f86-81fa-d786fd8a957a,hili,mihili,pescadinha,Sillago sihama,Sillaginidae,bony fish,fish,1.0,02022023MARB04,marrambone,f,gill_net,fish
322,01,0.0,none,0.1666666666666666,412ebe42-d0ab-49cd-a390-790fb5dd06a9,hili,mihili,pescadinha,Sillago sihama,Sillaginidae,bony fish,fish,1.0,24012023CUGB02,kuguana,m,gill_net,fish
245,01,0.0,none,0.6666666666666666,b5c8d980-c4f9-408d-93d1-0b4dad9a664c,hili,mihili,pescadinha,Sillago sihama,Sillaginidae,bony fish,fish,1.0,14022023SAHB05,sahane,f,glean,glean
321,01,0.0,none,0.1666666666666666,412ebe42-d0ab-49cd-a390-790fb5dd06a9,hili,mihili,pescadinha,Sillago sihama,Sillaginidae,bony fish,fish,1.0,24012023CUGB02,kuguana,m,glean,glean
312,01,0.0,none,0.2333333333333333,217d4e9d-94cc-407a-9aaf-9dabfa977971,hili,mihili,pescadinha,Sillago sihama,Sillaginidae,bony fish,fish,1.0,24012023CUGB01,kuguana,m,drag_net,fish
303,01,0.0,none,,f5769b1d-ab41-4ec3-9364-13194af91f08,hili,mihili,pescadinha,Sillago sihama,Sillaginidae,bony fish,fish,1.0,19022023ILHB05,ilha,m,hand_line,fish
290,01,0.0,none,0.2,b4a29a62-c0e1-40fd-835b-a134449801ca,hili,mihili,pescadinha,Sillago sihama,Sillaginidae,bony fish,fish,1.0,O1O22023MOR06,morrumbene,m,drag_net,fish
285,01,0.0,none,0.3333333333333333,d92b97c0-4a75-4f45-9115-4cb6ac9109ad,hili,mihili,pescadinha,Sillago sihama,Sillaginidae,bony fish,fish,1.0,01022023MORBO5,morrumbene,m,fence_trap,fish
279,01,0.0,none,0.1666666666666666,943aa64d-7c5c-4594-944e-529e0b325617,hili,mihili,pescadinha,Sillago sihama,Sillaginidae,bony fish,fish,1.0,01022023MOR04,morrumbene,f,glean,glean
260,01,0.0,none,0.2,5bf5b760-0855-442e-8ccf-d32db9f09235,hili,mihili,pescadinha,Sillago sihama,Sillaginidae,bony fish,fish,1.0,01022023MORB01,morrumbene,m,shrimp_net,shrimp_net
254,01,0.0,none,1.0,e333971e-3a2f-473c-9783-d10538bbc0aa,hili,mihili,pescadinha,Sillago sihama,Sillaginidae,bony fish,fish,1.0,04032023NGUB04,nguja,m,hand_line,fish
249,01,0.0,none,0.4666666666666667,a6e2b0b2-8d88-42c8-b600-7b0619713312,hili,mihili,pescadinha,Sillago sihama,Sillaginidae,bony fish,fish,1.0,04032023NGUB01,nguja,m,hand_line,fish
248,01,0.0,none,0.4333333333333333,5bca4453-f66b-40bc-a54d-09fab62566e6,hili,mihili,pescadinha,Sillago sihama,Sillaginidae,bony fish,fish,1.0,14022023SAHB08,sahane,m,fence_trap,fish
320,01,0.0,none,0.1666666666666666,412ebe42-d0ab-49cd-a390-790fb5dd06a9,hili,mihili,pescadinha,Sillago sihama,Sillaginidae,bony fish,fish,1.0,24012023CUGB02,kuguana,m,shrimp_net,shrimp_net
158,01,0.0,none,0.2333333333333333,615838ac-55f5-4537-ba76-fecefaddd226,hili,mihili,pescadinha,Sillago sihama,Sillaginidae,bony fish,fish,1.0,31012023MUCB08,mucucune,f,shrimp_net,shrimp_net
68,02,0.0,none,0.2333333333333333,fb35740b-c147-41b7-b604-35eed1bf5c77,livbionho,mavbionho,Melanúria comum,Gerres oyena,Gerreidae,bony fish,fish,1.0,04022023CHAB08,chamane,m,gill_net,fish
109,02,0.0,none,0.1666666666666666,e8d84b41-6838-4a4d-b98d-66385c122993,livbionho,mavbionho,Melanúria comum,Gerres oyena,Gerreidae,bony fish,fish,1.0,02022023MARB05,marrambone,m,fence_trap,fish
126,02,0.0,none,0.2333333333333333,926e019e-024f-43c8-8bfb-1a8170a861dd,livbionho,mavbionho,Melanúria comum,Gerres oyena,Gerreidae,bony fish,fish,1.0,02022023MARB09,marrambone,f,shrimp_net,shrimp_net
121,02,0.0,none,0.2666666666666666,c4bf73af-5f99-4b43-abd8-9373a369c415,livbionho,mavbionho,Melanúria comum,Gerres oyena,Gerreidae,bony fish,fish,1.0,02022023MARB07,marrambone,m,gill_net,fish
74,02,0.0,none,0.2666666666666666,786726d4-2b8e-46a0-ab5f-1339cbe1ab7b,livbionho,mavbionho,Melanúria comum,Gerres oyena,Gerreidae,bony fish,fish,1.0,26012023MARB01,marrambone,f,shrimp_net,shrimp_net
117,02,0.0,none,0.3,a9a9124d-f801-444e-a6ac-6f1064ecb6a6,livbionho,mavbionho,Melanúria comum,Gerres oyena,Gerreidae,bony fish,fish,1.0,02022023MARB06,marrambone,m,hand_line,fish
134,02,0.0,none,0.1666666666666666,b1aecc22-d28c-4728-9c70-966d76a26e88,livbionho,mavbionho,Melanúria comum,Gerres oyena,Gerreidae,bony fish,fish,1.0,31012023MUB02,mucucune,m,fence_trap,fish
85,02,0.0,none,0.2,ae7d8f6f-e1d1-484c-b65d-5b64c4bec7b8,livbionho,mavbionho,Melanúria comum,Gerres oyena,Gerreidae,bony fish,fish,1.0,02022023MARB03,marrambone,f,shrimp_net,shrimp_net
95,02,0.0,none,0.2333333333333333,fa135abb-d0cf-4f86-81fa-d786fd8a957a,livbionho,mavbionho,Melanúria comum,Gerres oyena,Gerreidae,bony fish,fish,1.0,02022023MARB04,marrambone,f,gill_net,fish
94,02,0.0,none,0.2333333333333333,fa135abb-d0cf-4f86-81fa-d786fd8a957a,livbionho,mavbionho,Melanúria comum,Gerres oyena,Gerreidae,bony fish,fish,1.0,02022023MARB04,marrambone,f,shrimp_net,shrimp_net
93,02,0.0,none,0.2333333333333333,fa135abb-d0cf-4f86-81fa-d786fd8a957a,livbionho,mavbionho,Melanúria comum,Gerres oyena,Gerreidae,bony fish,fish,1.0,02022023MARB04,marrambone,f,glean,glean
69,02,0.0,none,0.2333333333333333,fb35740b-c147-41b7-b604-35eed1bf5c77,livbionho,mavbionho,Melanúria comum,Gerres oyena,Gerreidae,bony fish,fish,1.0,04022023CHAB08,chamane,m,shrimp_net,shrimp_net
59,02,0.0,none,0.1666666666666666,6b249316-c1e7-4f4f-a49f-435e11af63a2,livbionho,mavbionho,Melanúria comum,Gerres oyena,Gerreidae,bony fish,fish,1.0,04022023CHAB07,chamane,m,glean,glean
0,02,0.0,none,0.3333333333333333,5242b473-cb0e-43ec-bc8f-6e626f4ee1d3,livbionho,mavbionho,Melanúria comum,Gerres oyena,Gerreidae,bony fish,fish,1.0,13022023NHAMUB02,nhamua,f,glean,glean
159,02,0.0,none,0.1,615838ac-55f5-4537-ba76-fecefaddd226,livbionho,mavbionho,Melanúria comum,Gerres oyena,Gerreidae,bony fish,fish,1.0,31012023MUCB08,mucucune,f,shrimp_net,shrimp_net
232,02,0.0,none,0.2666666666666666,ba1de70c-3350-4192-9540-077338da9ce6,livbionho,mavbionho,Melanúria comum,Gerres oyena,Gerreidae,bony fish,fish,1.0,17022023NHCHB05,nhamaxaxa,m,hand_line,fish
58,02,0.0,none,0.1666666666666666,6b249316-c1e7-4f4f-a49f-435e11af63a2,livbionho,mavbionho,Melanúria comum,Gerres oyena,Gerreidae,bony fish,fish,1.0,04022023CHAB07,chamane,m,shrimp_net,shrimp_net
39,02,0.0,none,0.1,d4d143b4-de71-42bd-be9e-b42bcadd5863,livbionho,mavbionho,Melanúria comum,Gerres oyena,Gerreidae,bony fish,fish,1.0,04022023CHAB03,chamane,m,hand_line,fish
40,02,0.0,none,0.1,d4d143b4-de71-42bd-be9e-b42bcadd5863,livbionho,mavbionho,Melanúria comum,Gerres oyena,Gerreidae,bony fish,fish,1.0,04022023CHAB03,chamane,m,shrimp_net,shrimp_net
169,02,0.0,none,0.1,a00016e0-0782-4f50-a9a8-4a5e202f5c50,livbionho,mavbionho,Melanúria comum,Gerres oyena,Gerreidae,bony fish,fish,1.0,09022023NHMPB02,nhampossa,m,gill_net,fish
47,02,0.0,none,0.4333333333333333,7dc8a846-da63-495f-815e-10c1c4b6720d,livbionho,mavbionho,Melanúria comum,Gerres oyena,Gerreidae,bony fish,fish,1.0,04022023CHAB04,chamane,f,shrimp_net,shrimp_net
229,02,0.0,none,0.1666666666666666,affb9ddf-bde5-4005-8a5c-962978da994f,livbionho,mavbionho,Melanúria comum,Gerres oyena,Gerreidae,bony fish,fish,1.0,17022023NHCHB04,nhamaxaxa,m,gill_net,fish
147,02,0.0,none,0.0333333333333333,72b20ec3-78b0-44b1-8f62-06504a26e4c5,livbionho,mavbionho,Melanúria comum,Gerres oyena,Gerreidae,bony fish,fish,1.0,31012023MUCB06,mucucune,m,gill_net,fish
240,02,0.0,none,0.2666666666666666,f1ab0d58-a047-4854-9fab-5639a38d0919,livbionho,mavbionho,Melanúria comum,Gerres oyena,Gerreidae,bony fish,fish,1.0,14022023SAHB02,sahane,m,hand_line,fish
246,02,0.0,none,0.3333333333333333,b5c8d980-c4f9-408d-93d1-0b4dad9a664c,livbionho,mavbionho,Melanúria comum,Gerres oyena,Gerreidae,bony fish,fish,1.0,14022023SAHB05,sahane,f,glean,glean
8,02,0.0,none,0.1666666666666666,1205bf41-13d7-4421-b564-4a77c527cd17,livbionho,mavbionho,Melanúria comum,Gerres oyena,Gerreidae,bony fish,fish,1.0,13022023NHMUB01,nhamua,m,fence_trap,fish
57,02,0.0,none,0.1666666666666666,6b249316-c1e7-4f4f-a49f-435e11af63a2,livbionho,mavbionho,Melanúria comum,Gerres oyena,Gerreidae,bony fish,fish,1.0,04022023CHAB07,chamane,m,gill_net,fish
230,03,0.5,none,0.5333333333333333,affb9ddf-bde5-4005-8a5c-962978da994f,salani,,Melanúria timoneira,Gerres longirostris,Gerreidae,bony fish,fish,1.0,17022023NHCHB04,nhamaxaxa,m,gill_net,fish
97,03,0.5,none,0.2333333333333333,fa135abb-d0cf-4f86-81fa-d786fd8a957a,salani,,Melanúria timoneira,Gerres longirostris,Gerreidae,bony fish,fish,1.0,02022023MARB04,marrambone,f,shrimp_net,shrimp_net
98,03,0.5,none,0.2333333333333333,fa135abb-d0cf-4f86-81fa-d786fd8a957a,salani,,Melanúria timoneira,Gerres longirostris,Gerreidae,bony fish,fish,1.0,02022023MARB04,marrambone,f,gill_net,fish
241,03,0.5,none,0.2,f1ab0d58-a047-4854-9fab-5639a38d0919,salani,,Melanúria timoneira,Gerres longirostris,Gerreidae,bony fish,fish,1.0,14022023SAHB02,sahane,m,hand_line,fish
233,03,0.5,none,0.0333333333333333,ba1de70c-3350-4192-9540-077338da9ce6,salani,,Melanúria timoneira,Gerres longirostris,Gerreidae,bony fish,fish,1.0,17022023NHCHB05,nhamaxaxa,m,hand_line,fish
96,03,0.5,none,0.2333333333333333,fa135abb-d0cf-4f86-81fa-d786fd8a957a,salani,,Melanúria timoneira,Gerres longirostris,Gerreidae,bony fish,fish,1.0,02022023MARB04,marrambone,f,glean,glean
135,03,0.5,none,0.1666666666666666,b1aecc22-d28c-4728-9c70-966d76a26e88,salani,,Melanúria timoneira,Gerres longirostris,Gerreidae,bony fish,fish,1.0,31012023MUB02,mucucune,m,fence_trap,fish
178,03,0.5,none,0.1,caac8748-ebed-413c-a5d2-a635b5bd8932,salani,,Melanúria timoneira,Gerres longirostris,Gerreidae,bony fish,fish,1.0,09022023NHMPB04,nhampossa,m,fence_trap,fish
118,03,0.5,none,0.2666666666666666,a9a9124d-f801-444e-a6ac-6f1064ecb6a6,salani,,Melanúria timoneira,Gerres longirostris,Gerreidae,bony fish,fish,1.0,02022023MARB06,marrambone,m,hand_line,fish
122,03,0.5,none,0.3,c4bf73af-5f99-4b43-abd8-9373a369c415,salani,,Melanúria timoneira,Gerres longirostris,Gerreidae,bony fish,fish,1.0,02022023MARB07,marrambone,m,gill_net,fish
168,03,0.5,none,0.1666666666666666,a00016e0-0782-4f50-a9a8-4a5e202f5c50,salani,,Melanúria timoneira,Gerres longirostris,Gerreidae,bony fish,fish,1.0,09022023NHMPB02,nhampossa,m,gill_net,fish
160,03,0.5,none,0.1666666666666666,615838ac-55f5-4537-ba76-fecefaddd226,salani,,Melanúria timoneira,Gerres longirostris,Gerreidae,bony fish,fish,1.0,31012023MUCB08,mucucune,f,shrimp_net,shrimp_net
148,03,0.5,none,0.1333333333333333,72b20ec3-78b0-44b1-8f62-06504a26e4c5,salani,,Melanúria timoneira,Gerres longirostris,Gerreidae,bony fish,fish,1.0,31012023MUCB06,mucucune,m,gill_net,fish
127,03,0.5,none,0.4,926e019e-024f-43c8-8bfb-1a8170a861dd,salani,,Melanúria timoneira,Gerres longirostris,Gerreidae,bony fish,fish,1.0,02022023MARB09,marrambone,f,shrimp_net,shrimp_net
145,03,0.5,none,0.5,942decee-217f-4b36-be4c-3948ed7665d0,salani,,Melanúria timoneira,Gerres longirostris,Gerreidae,bony fish,fish,1.0,31012023MUCB05,mucucune,m,hand_line,fish
131,03,0.5,none,0.4,47619fa4-71bc-4eef-b706-4e52c3cd7db8,salani,,Melanúria timoneira,Gerres longirostris,Gerreidae,bony fish,fish,1.0,31012023MUCB01,mucucune,m,basket_trap,fish
141,03,0.5,none,0.4,668fcae1-2e89-417d-b2f7-cca29ae88fcf,salani,,Melanúria timoneira,Gerres longirostris,Gerreidae,bony fish,fish,1.0,31012023MUCB04,mucucune,f,glean,glean
110,03,0.5,none,0.1333333333333333,e8d84b41-6838-4a4d-b98d-66385c122993,salani,,Melanúria timoneira,Gerres longirostris,Gerreidae,bony fish,fish,1.0,02022023MARB05,marrambone,m,fence_trap,fish
173,03,0.5,none,0.1,1469e0fd-0691-405e-b1e8-c144e854fbb7,salani,,Melanúria timoneira,Gerres longirostris,Gerreidae,bony fish,fish,1.0,09022023NHMPB03,nhampossa,f,shrimp_net,shrimp_net
352,03,0.5,none,0.2,d63dc568-99da-438e-bd41-3a79bf13b0d9,salani,,Melanúria timoneira,Gerres longirostris,Gerreidae,bony fish,fish,1.0,07022023CUGBO8,kuguana,f,glean,glean
41,03,0.5,none,0.2666666666666666,d4d143b4-de71-42bd-be9e-b42bcadd5863,salani,,Melanúria timoneira,Gerres longirostris,Gerreidae,bony fish,fish,1.0,04022023CHAB03,chamane,m,hand_line,fish
70,03,0.5,none,0.2333333333333333,fb35740b-c147-41b7-b604-35eed1bf5c77,salani,,Melanúria timoneira,Gerres longirostris,Gerreidae,bony fish,fish,1.0,04022023CHAB08,chamane,m,gill_net,fish
6,03,0.5,none,0.3333333333333333,8b4320ee-bf8d-4616-b0bc-d8bc33e9cc99,salani,,Melanúria timoneira,Gerres longirostris,Gerreidae,bony fish,fish,1.0,16022023NHMUB07,nhamua,m,gill_net,fish
62,03,0.5,none,0.4,6b249316-c1e7-4f4f-a49f-435e11af63a2,salani,,Melanúria timoneira,Gerres longirostris,Gerreidae,bony fish,fish,1.0,04022023CHAB07,chamane,m,glean,glean
61,03,0.5,none,0.4,6b249316-c1e7-4f4f-a49f-435e11af63a2,salani,,Melanúria timoneira,Gerres longirostris,Gerreidae,bony fish,fish,1.0,04022023CHAB07,chamane,m,shrimp_net,shrimp_net
60,03,0.5,none,0.4,6b249316-c1e7-4f4f-a49f-435e11af63a2,salani,,Melanúria timoneira,Gerres longirostris,Gerreidae,bony fish,fish,1.0,04022023CHAB07,chamane,m,gill_net,fish
30,03,0.5,none,0.2,e6132e33-e9f3-45ea-a5cf-7d565844a22c,salani,,Melanúria timoneira,Gerres longirostris,Gerreidae,bony fish,fish,1.0,15022023JOSB06,josina_machel,m,hand_line,fish
11,03,0.5,none,0.1666666666666666,1205bf41-13d7-4421-b564-4a77c527cd17,salani,,Melanúria timoneira,Gerres longirostris,Gerreidae,bony fish,fish,1.0,13022023NHMUB01,nhamua,m,fence_trap,fish
42,03,0.5,none,0.2666666666666666,d4d143b4-de71-42bd-be9e-b42bcadd5863,salani,,Melanúria timoneira,Gerres longirostris,Gerreidae,bony fish,fish,1.0,04022023CHAB03,chamane,m,shrimp_net,shrimp_net
33,03,0.5,none,1.0,1d5f5cdd-4deb-4017-ae95-ed677c22bd24,salani,,Melanúria timoneira,Gerres longirostris,Gerreidae,bony fish,fish,1.0,09032023JOSB08,josina_machel,f,glean,glean
71,03,0.5,none,0.2333333333333333,fb35740b-c147-41b7-b604-35eed1bf5c77,salani,,Melanúria timoneira,Gerres longirostris,Gerreidae,bony fish,fish,1.0,04022023CHAB08,chamane,m,shrimp_net,shrimp_net
255,04,3.0,high,1.0,8abbe022-1d3d-4f37-989c-f804596f7402,pata,dzipata,peixe zebras,Terapon jarbua,Teraponidae,bony fish,fish,1.0,04032023NGUB05,nguja,m,gill_net,fish
211,04,3.0,high,0.0666666666666666,8407b1b2-9c62-4161-a560-a8c8415ca76a,pata,dzipata,peixe zebras,Terapon jarbua,Teraponidae,bony fish,fish,1.0,08022023MADB06,madava,m,gill_net,fish
235,04,3.0,high,0.4,ba1de70c-3350-4192-9540-077338da9ce6,pata,dzipata,peixe zebras,Terapon jarbua,Teraponidae,bony fish,fish,1.0,17022023NHCHB05,nhamaxaxa,m,hand_line,fish
250,04,3.0,high,0.3333333333333333,a6e2b0b2-8d88-42c8-b600-7b0619713312,pata,dzipata,peixe zebras,Terapon jarbua,Teraponidae,bony fish,fish,1.0,04032023NGUB01,nguja,m,hand_line,fish
305,06,2.5,mod,0.3333333333333333,f5769b1d-ab41-4ec3-9364-13194af91f08,gigulula,sigulula,esparo,Crenidens crenidens,Sparidae,bony fish,fish,1.0,19022023ILHB05,ilha,m,hand_line,fish
149,06,2.5,mod,0.0666666666666666,72b20ec3-78b0-44b1-8f62-06504a26e4c5,gigulula,sigulula,esparo,Crenidens crenidens,Sparidae,bony fish,fish,1.0,31012023MUCB06,mucucune,m,gill_net,fish
31,06,2.5,mod,0.2,e6132e33-e9f3-45ea-a5cf-7d565844a22c,gigulula,sigulula,esparo,Crenidens crenidens,Sparidae,bony fish,fish,1.0,15022023JOSB06,josina_machel,m,hand_line,fish
10,06,2.5,mod,0.2,1205bf41-13d7-4421-b564-4a77c527cd17,gigulula,sigulula,esparo,Crenidens crenidens,Sparidae,bony fish,fish,1.0,13022023NHMUB01,nhamua,m,fence_trap,fish
136,06,2.5,mod,0.1666666666666666,b1aecc22-d28c-4728-9c70-966d76a26e88,gigulula,sigulula,esparo,Crenidens crenidens,Sparidae,bony fish,fish,1.0,31012023MUB02,mucucune,m,fence_trap,fish
234,06,2.5,mod,0.2,ba1de70c-3350-4192-9540-077338da9ce6,gigulula,sigulula,esparo,Crenidens crenidens,Sparidae,bony fish,fish,1.0,17022023NHCHB05,nhamaxaxa,m,hand_line,fish
239,06,2.5,mod,0.1333333333333333,f1ab0d58-a047-4854-9fab-5639a38d0919,gigulula,sigulula,esparo,Crenidens crenidens,Sparidae,bony fish,fish,1.0,14022023SAHB02,sahane,m,hand_line,fish
132,06,2.5,mod,0.1666666666666666,47619fa4-71bc-4eef-b706-4e52c3cd7db8,gigulula,sigulula,esparo,Crenidens crenidens,Sparidae,bony fish,fish,1.0,31012023MUCB01,mucucune,m,basket_trap,fish
251,06,2.5,mod,0.2,a6e2b0b2-8d88-42c8-b600-7b0619713312,gigulula,sigulula,esparo,Crenidens crenidens,Sparidae,bony fish,fish,1.0,04032023NGUB01,nguja,m,hand_line,fish
170,06,2.5,mod,0.2333333333333333,1469e0fd-0691-405e-b1e8-c144e854fbb7,gigulula,sigulula,esparo,Crenidens crenidens,Sparidae,bony fish,fish,1.0,09022023NHMPB03,nhampossa,f,shrimp_net,shrimp_net
123,06,2.5,mod,0.1666666666666666,c4bf73af-5f99-4b43-abd8-9373a369c415,gigulula,sigulula,esparo,Crenidens crenidens,Sparidae,bony fish,fish,1.0,02022023MARB07,marrambone,m,gill_net,fish
174,06,2.5,mod,0.1,caac8748-ebed-413c-a5d2-a635b5bd8932,gigulula,sigulula,esparo,Crenidens crenidens,Sparidae,bony fish,fish,1.0,09022023NHMPB04,nhampossa,m,fence_trap,fish
99,06,2.5,mod,0.1,fa135abb-d0cf-4f86-81fa-d786fd8a957a,gigulula,sigulula,esparo,Crenidens crenidens,Sparidae,bony fish,fish,1.0,02022023MARB04,marrambone,f,glean,glean
100,06,2.5,mod,0.1,fa135abb-d0cf-4f86-81fa-d786fd8a957a,gigulula,sigulula,esparo,Crenidens crenidens,Sparidae,bony fish,fish,1.0,02022023MARB04,marrambone,f,shrimp_net,shrimp_net
101,06,2.5,mod,0.1,fa135abb-d0cf-4f86-81fa-d786fd8a957a,gigulula,sigulula,esparo,Crenidens crenidens,Sparidae,bony fish,fish,1.0,02022023MARB04,marrambone,f,gill_net,fish
111,06,2.5,mod,0.0666666666666666,e8d84b41-6838-4a4d-b98d-66385c122993,gigulula,sigulula,esparo,Crenidens crenidens,Sparidae,bony fish,fish,1.0,02022023MARB05,marrambone,m,fence_trap,fish
9,07,0.0,none,0.1333333333333333,1205bf41-13d7-4421-b564-4a77c527cd17,nhambulungue,,carapau,Caranginae,Caranginae,bony fish,fish,1.0,13022023NHMUB01,nhamua,m,fence_trap,fish
311,07,0.0,none,1.0,66a27df6-476b-4917-8244-24e557b34ede,nhambulungue,,carapau,Caranginae,Caranginae,bony fish,fish,1.0,19022023ILHB07,ilha,m,gill_net,fish
280,10,0.0,none,0.1666666666666666,943aa64d-7c5c-4594-944e-529e0b325617,tsava,dzitsava,cavala,Rastrellinger kanagurta,Scombridae,bony fish,fish,1.0,01022023MOR04,morrumbene,f,glean,glean
286,10,0.0,none,0.2333333333333333,d92b97c0-4a75-4f45-9115-4cb6ac9109ad,tsava,dzitsava,cavala,Rastrellinger kanagurta,Scombridae,bony fish,fish,1.0,01022023MORBO5,morrumbene,m,fence_trap,fish
261,10,0.0,none,0.1333333333333333,5bf5b760-0855-442e-8ccf-d32db9f09235,tsava,dzitsava,cavala,Rastrellinger kanagurta,Scombridae,bony fish,fish,1.0,01022023MORB01,morrumbene,m,shrimp_net,shrimp_net
291,10,0.0,none,0.2,b4a29a62-c0e1-40fd-835b-a134449801ca,tsava,dzitsava,cavala,Rastrellinger kanagurta,Scombridae,bony fish,fish,1.0,O1O22023MOR06,morrumbene,m,drag_net,fish
23,50,3.0,high,1.0,c970df6e-cd2f-4068-a322-0f4b0018e5f5,ndrolo,dzindrolo,Caranguejo,Portunus pelagicus,Portunidae,crustacean,crabs,1.0,15022023JOSB02,josina_machel,m,diving,fish
242,50,3.0,high,1.0,2dd5e1ed-eeed-47b2-827d-a0705fc23c7a,ndrolo,dzindrolo,Caranguejo,Portunus pelagicus,Portunidae,crustacean,crabs,1.0,14022023SAHB03,sahane,f,glean,glean
179,50,3.0,high,0.2333333333333333,a9325c3b-f81d-431a-9628-6b0b57ede5e3,ndrolo,dzindrolo,Caranguejo,Portunus pelagicus,Portunidae,crustacean,crabs,1.0,09022023NHMPB05,nhampossa,f,gill_net,fish
102,50,3.0,high,0.0333333333333333,fa135abb-d0cf-4f86-81fa-d786fd8a957a,ndrolo,dzindrolo,Caranguejo,Portunus pelagicus,Portunidae,crustacean,crabs,1.0,02022023MARB04,marrambone,f,glean,glean
34,50,3.0,high,1.0,21b02f45-d7ae-4f05-9a52-89dad34349af,ndrolo,dzindrolo,Caranguejo,Portunus pelagicus,Portunidae,crustacean,crabs,1.0,04022023CHAB01,chamane,m,glean,glean
13,50,3.0,high,0.2333333333333333,310a5eff-b95e-4979-a0dd-c98a7703f436,ndrolo,dzindrolo,Caranguejo,Portunus pelagicus,Portunidae,crustacean,crabs,1.0,13022023NHMUB03,nhamua,m,glean,glean
75,50,3.0,high,0.3,786726d4-2b8e-46a0-ab5f-1339cbe1ab7b,ndrolo,dzindrolo,Caranguejo,Portunus pelagicus,Portunidae,crustacean,crabs,1.0,26012023MARB01,marrambone,f,shrimp_net,shrimp_net
265,50,3.0,high,0.2666666666666666,04827c1d-3bba-4bcb-a8be-1af1c071e30f,ndrolo,dzindrolo,Caranguejo,Portunus pelagicus,Portunidae,crustacean,crabs,1.0,01022023MORB02,morrumbene,f,shrimp_net,shrimp_net
24,50,3.0,high,1.0,c970df6e-cd2f-4068-a322-0f4b0018e5f5,ndrolo,dzindrolo,Caranguejo,Portunus pelagicus,Portunidae,crustacean,crabs,1.0,15022023JOSB02,josina_machel,m,glean,glean
171,50,3.0,high,0.3333333333333333,1469e0fd-0691-405e-b1e8-c144e854fbb7,ndrolo,dzindrolo,Caranguejo,Portunus pelagicus,Portunidae,crustacean,crabs,1.0,09022023NHMPB03,nhampossa,f,shrimp_net,shrimp_net
104,50,3.0,high,0.0333333333333333,fa135abb-d0cf-4f86-81fa-d786fd8a957a,ndrolo,dzindrolo,Caranguejo,Portunus pelagicus,Portunidae,crustacean,crabs,1.0,02022023MARB04,marrambone,f,gill_net,fish
43,50,3.0,high,0.1666666666666666,d4d143b4-de71-42bd-be9e-b42bcadd5863,ndrolo,dzindrolo,Caranguejo,Portunus pelagicus,Portunidae,crustacean,crabs,1.0,04022023CHAB03,chamane,m,hand_line,fish
306,50,3.0,high,0.5,c0927898-6afe-4a7f-98d1-4ec395b0e647,ndrolo,dzindrolo,Caranguejo,Portunus pelagicus,Portunidae,crustacean,crabs,1.0,1902023ILHB06,ilha,f,glean,glean
243,50,3.0,high,0.3333333333333333,0452b1c9-a249-4667-bf24-bb6969858009,ndrolo,dzindrolo,Caranguejo,Portunus pelagicus,Portunidae,crustacean,crabs,1.0,14022023SAHB04,sahane,f,glean,glean
103,50,3.0,high,0.0333333333333333,fa135abb-d0cf-4f86-81fa-d786fd8a957a,ndrolo,dzindrolo,Caranguejo,Portunus pelagicus,Portunidae,crustacean,crabs,1.0,02022023MARB04,marrambone,f,shrimp_net,shrimp_net
191,50,3.0,high,0.1,632655b3-8586-4c96-bf14-73c3ddeea90e,ndrolo,dzindrolo,Caranguejo,Portunus pelagicus,Portunidae,crustacean,crabs,1.0,08022023MADB03,madava,m,fence_trap,fish
349,50,3.0,high,0.2,d63dc568-99da-438e-bd41-3a79bf13b0d9,ndrolo,dzindrolo,Caranguejo,Portunus pelagicus,Portunidae,crustacean,crabs,1.0,07022023CUGBO8,kuguana,f,glean,glean
226,50,3.0,high,0.6666666666666666,43fe56c7-3c31-4683-bea1-c741c3af6618,ndrolo,dzindrolo,Caranguejo,Portunus pelagicus,Portunidae,crustacean,crabs,1.0,17022023NHCHB03,nhamaxaxa,m,gill_net,fish
281,50,3.0,high,0.1333333333333333,943aa64d-7c5c-4594-944e-529e0b325617,ndrolo,dzindrolo,Caranguejo,Portunus pelagicus,Portunidae,crustacean,crabs,1.0,01022023MOR04,morrumbene,f,glean,glean
220,50,3.0,high,0.5,a5a2c506-9bdf-4033-9a76-cc0374b5e66e,ndrolo,dzindrolo,Caranguejo,Portunus pelagicus,Portunidae,crustacean,crabs,1.0,17022023NHCHB01,nhamaxaxa,f,glean,glean
219,50,3.0,high,0.5,a5a2c506-9bdf-4033-9a76-cc0374b5e66e,ndrolo,dzindrolo,Caranguejo,Portunus pelagicus,Portunidae,crustacean,crabs,1.0,17022023NHCHB01,nhamaxaxa,f,shrimp_net,shrimp_net
287,50,3.0,high,0.2333333333333333,d92b97c0-4a75-4f45-9115-4cb6ac9109ad,ndrolo,dzindrolo,Caranguejo,Portunus pelagicus,Portunidae,crustacean,crabs,1.0,01022023MORBO5,morrumbene,m,fence_trap,fish
32,50,3.0,high,1.0,59848ba5-82a3-4de3-b546-44d37605c0d9,ndrolo,dzindrolo,Caranguejo,Portunus pelagicus,Portunidae,crustacean,crabs,1.0,15022023JOSB07,josina_machel,m,diving,fish
206,50,3.0,high,0.0666666666666666,8407b1b2-9c62-4161-a560-a8c8415ca76a,ndrolo,dzindrolo,Caranguejo,Portunus pelagicus,Portunidae,crustacean,crabs,1.0,08022023MADB06,madava,m,gill_net,fish
236,50,3.0,high,1.0,8536dca4-ea83-4248-865b-3b13873d1a90,ndrolo,dzindrolo,Caranguejo,Portunus pelagicus,Portunidae,crustacean,crabs,1.0,09032023NHCHB07,nhamaxaxa,m,hand_line,fish
266,50,3.0,high,0.2666666666666666,04827c1d-3bba-4bcb-a8be-1af1c071e30f,ndrolo,dzindrolo,Caranguejo,Portunus pelagicus,Portunidae,crustacean,crabs,1.0,01022023MORB02,morrumbene,f,glean,glean
201,50,3.0,high,0.2333333333333333,6aff3bd5-1d7f-4dfc-a530-7fd33a3b1432,ndrolo,dzindrolo,Caranguejo,Portunus pelagicus,Portunidae,crustacean,crabs,1.0,08022023MADB05,madava,m,gill_net,fish
292,50,3.0,high,0.1666666666666666,b4a29a62-c0e1-40fd-835b-a134449801ca,ndrolo,dzindrolo,Caranguejo,Portunus pelagicus,Portunidae,crustacean,crabs,1.0,O1O22023MOR06,morrumbene,m,drag_net,fish
196,50,3.0,high,0.2333333333333333,719608f1-9b88-42cc-b983-888cd656656a,ndrolo,dzindrolo,Caranguejo,Portunus pelagicus,Portunidae,crustacean,crabs,1.0,08022023MADB04,madava,f,glean,glean
195,50,3.0,high,0.2333333333333333,719608f1-9b88-42cc-b983-888cd656656a,ndrolo,dzindrolo,Caranguejo,Portunus pelagicus,Portunidae,crustacean,crabs,1.0,08022023MADB04,madava,f,shrimp_net,shrimp_net
165,50,3.0,high,0.1333333333333333,a00016e0-0782-4f50-a9a8-4a5e202f5c50,ndrolo,dzindrolo,Caranguejo,Portunus pelagicus,Portunidae,crustacean,crabs,1.0,09022023NHMPB02,nhampossa,m,gill_net,fish
25,50,3.0,high,1.0,3e185060-4034-4ece-9bd3-fa7aad0a4c83,ndrolo,dzindrolo,Caranguejo,Portunus pelagicus,Portunidae,crustacean,crabs,1.0,15022023JOSB03,josina_machel,m,glean,glean
119,50,3.0,high,0.2666666666666666,a9a9124d-f801-444e-a6ac-6f1064ecb6a6,ndrolo,dzindrolo,Caranguejo,Portunus pelagicus,Portunidae,crustacean,crabs,1.0,02022023MARB06,marrambone,m,hand_line,fish
307,50,3.0,high,0.5,c0927898-6afe-4a7f-98d1-4ec395b0e647,ndrolo,dzindrolo,Caranguejo,Portunus pelagicus,Portunidae,crustacean,crabs,1.0,1902023ILHB06,ilha,f,shrimp_net,shrimp_net
175,50,3.0,high,0.2333333333333333,caac8748-ebed-413c-a5d2-a635b5bd8932,ndrolo,dzindrolo,Caranguejo,Portunus pelagicus,Portunidae,crustacean,crabs,1.0,09022023NHMPB04,nhampossa,m,fence_trap,fish
262,50,3.0,high,0.1,5bf5b760-0855-442e-8ccf-d32db9f09235,ndrolo,dzindrolo,Caranguejo,Portunus pelagicus,Portunidae,crustacean,crabs,1.0,01022023MORB01,morrumbene,m,shrimp_net,shrimp_net
137,50,3.0,high,0.3333333333333333,b1aecc22-d28c-4728-9c70-966d76a26e88,ndrolo,dzindrolo,Caranguejo,Portunus pelagicus,Portunidae,crustacean,crabs,1.0,31012023MUB02,mucucune,m,fence_trap,fish
258,50,3.0,high,0.3333333333333333,8c4c8baa-dafa-48c6-bb34-4944108c5851,ndrolo,dzindrolo,Caranguejo,Portunus pelagicus,Portunidae,crustacean,crabs,1.0,04032023NGUB07,nguja,f,shrimp_net,shrimp_net
112,50,3.0,high,0.1333333333333333,e8d84b41-6838-4a4d-b98d-66385c122993,ndrolo,dzindrolo,Caranguejo,Portunus pelagicus,Portunidae,crustacean,crabs,1.0,02022023MARB05,marrambone,m,fence_trap,fish
142,50,3.0,high,0.3,668fcae1-2e89-417d-b2f7-cca29ae88fcf,ndrolo,dzindrolo,Caranguejo,Portunus pelagicus,Portunidae,crustacean,crabs,1.0,31012023MUCB04,mucucune,f,glean,glean
51,50,3.0,high,0.3666666666666666,d9f43af5-8ab9-476c-bcbd-809deddcdd71,ndrolo,dzindrolo,Caranguejo,Portunus pelagicus,Portunidae,crustacean,crabs,1.0,04022023CHAB06,chamane,f,glean,glean
329,50,3.0,high,0.0333333333333333,412ebe42-d0ab-49cd-a390-790fb5dd06a9,ndrolo,dzindrolo,Caranguejo,Portunus pelagicus,Portunidae,crustacean,crabs,1.0,24012023CUGB02,kuguana,m,shrimp_net,shrimp_net
128,50,3.0,high,0.0666666666666666,926e019e-024f-43c8-8bfb-1a8170a861dd,ndrolo,dzindrolo,Caranguejo,Portunus pelagicus,Portunidae,crustacean,crabs,1.0,02022023MARB09,marrambone,f,shrimp_net,shrimp_net
138,50,3.0,high,0.3333333333333333,84267d00-7c2a-415c-b15e-d1f3a08a24ea,ndrolo,dzindrolo,Caranguejo,Portunus pelagicus,Portunidae,crustacean,crabs,1.0,31012023MUCB03,mucucune,f,glean,glean
330,50,3.0,high,0.0333333333333333,412ebe42-d0ab-49cd-a390-790fb5dd06a9,ndrolo,dzindrolo,Caranguejo,Portunus pelagicus,Portunidae,crustacean,crabs,1.0,24012023CUGB02,kuguana,m,glean,glean
150,50,3.0,high,0.2333333333333333,72b20ec3-78b0-44b1-8f62-06504a26e4c5,ndrolo,dzindrolo,Caranguejo,Portunus pelagicus,Portunidae,crustacean,crabs,1.0,31012023MUCB06,mucucune,m,gill_net,fish
86,50,3.0,high,0.2333333333333333,ae7d8f6f-e1d1-484c-b65d-5b64c4bec7b8,ndrolo,dzindrolo,Caranguejo,Portunus pelagicus,Portunidae,crustacean,crabs,1.0,02022023MARB03,marrambone,f,shrimp_net,shrimp_net
252,50,3.0,high,1.0,a9702bf4-6440-4e06-9f33-8f26a998afd3,ndrolo,dzindrolo,Caranguejo,Portunus pelagicus,Portunidae,crustacean,crabs,1.0,04032023NGUB02,nguja,f,glean,glean
12,50,3.0,high,0.2333333333333333,310a5eff-b95e-4979-a0dd-c98a7703f436,ndrolo,dzindrolo,Caranguejo,Portunus pelagicus,Portunidae,crustacean,crabs,1.0,13022023NHMUB03,nhamua,m,gill_net,fish
161,50,3.0,high,0.1333333333333333,615838ac-55f5-4537-ba76-fecefaddd226,ndrolo,dzindrolo,Caranguejo,Portunus pelagicus,Portunidae,crustacean,crabs,1.0,31012023MUCB08,mucucune,f,shrimp_net,shrimp_net
154,50,3.0,high,0.2333333333333333,a744e3c9-d3d2-4588-b6cd-900a3f4f4286,ndrolo,dzindrolo,Caranguejo,Portunus pelagicus,Portunidae,crustacean,crabs,1.0,31012023MUCB07,mucucune,f,shrimp_net,shrimp_net
315,50,3.0,high,0.0666666666666666,217d4e9d-94cc-407a-9aaf-9dabfa977971,ndrolo,dzindrolo,Caranguejo,Portunus pelagicus,Portunidae,crustacean,crabs,1.0,24012023CUGB01,kuguana,m,drag_net,fish
44,50,3.0,high,0.1666666666666666,d4d143b4-de71-42bd-be9e-b42bcadd5863,ndrolo,dzindrolo,Caranguejo,Portunus pelagicus,Portunidae,crustacean,crabs,1.0,04022023CHAB03,chamane,m,shrimp_net,shrimp_net
77,50,3.0,high,0.2666666666666666,6e76bb44-7881-4dfe-aff2-019452e7f1ef,ndrolo,dzindrolo,Caranguejo,Portunus pelagicus,Portunidae,crustacean,crabs,1.0,02022023MARB02,marrambone,f,glean,glean
331,50,3.0,high,0.0333333333333333,412ebe42-d0ab-49cd-a390-790fb5dd06a9,ndrolo,dzindrolo,Caranguejo,Portunus pelagicus,Portunidae,crustacean,crabs,1.0,24012023CUGB02,kuguana,m,gill_net,fish
78,50,3.0,high,0.2666666666666666,6e76bb44-7881-4dfe-aff2-019452e7f1ef,ndrolo,dzindrolo,Caranguejo,Portunus pelagicus,Portunidae,crustacean,crabs,1.0,02022023MARB02,marrambone,f,shrimp_net,shrimp_net
124,50,3.0,high,0.0333333333333333,c4bf73af-5f99-4b43-abd8-9373a369c415,ndrolo,dzindrolo,Caranguejo,Portunus pelagicus,Portunidae,crustacean,crabs,1.0,02022023MARB07,marrambone,m,gill_net,fish
202,52,0.0,none,0.2333333333333333,6aff3bd5-1d7f-4dfc-a530-7fd33a3b1432,gihologo,sihologo,Santola,Scylla serrata ,Portunidae,crustacean,crabs,1.0,08022023MADB05,madava,m,gill_net,fish
207,52,0.0,none,0.0333333333333333,8407b1b2-9c62-4161-a560-a8c8415ca76a,gihologo,sihologo,Santola,Scylla serrata ,Portunidae,crustacean,crabs,1.0,08022023MADB06,madava,m,gill_net,fish
282,52,0.0,none,0.1333333333333333,943aa64d-7c5c-4594-944e-529e0b325617,gihologo,sihologo,Santola,Scylla serrata ,Portunidae,crustacean,crabs,1.0,01022023MOR04,morrumbene,f,glean,glean
327,52,0.0,none,0.0333333333333333,412ebe42-d0ab-49cd-a390-790fb5dd06a9,gihologo,sihologo,Santola,Scylla serrata ,Portunidae,crustacean,crabs,1.0,24012023CUGB02,kuguana,m,glean,glean
328,52,0.0,none,0.0333333333333333,412ebe42-d0ab-49cd-a390-790fb5dd06a9,gihologo,sihologo,Santola,Scylla serrata ,Portunidae,crustacean,crabs,1.0,24012023CUGB02,kuguana,m,gill_net,fish
213,52,0.0,none,0.3333333333333333,1436c090-ffc1-44f1-8a1f-115e2164b9b1,gihologo,sihologo,Santola,Scylla serrata ,Portunidae,crustacean,crabs,1.0,08022023MADB08,madava,f,shrimp_net,shrimp_net
214,52,0.0,none,0.3333333333333333,1436c090-ffc1-44f1-8a1f-115e2164b9b1,gihologo,sihologo,Santola,Scylla serrata ,Portunidae,crustacean,crabs,1.0,08022023MADB08,madava,f,glean,glean
224,52,0.0,none,0.4333333333333333,8719e18a-7160-440e-884e-330fdba6d7a1,gihologo,sihologo,Santola,Scylla serrata ,Portunidae,crustacean,crabs,1.0,17022023NHCHB02,nhamaxaxa,f,glean,glean
288,52,0.0,none,0.1,d92b97c0-4a75-4f45-9115-4cb6ac9109ad,gihologo,sihologo,Santola,Scylla serrata ,Portunidae,crustacean,crabs,1.0,01022023MORBO5,morrumbene,m,fence_trap,fish
263,52,0.0,none,0.1,5bf5b760-0855-442e-8ccf-d32db9f09235,gihologo,sihologo,Santola,Scylla serrata ,Portunidae,crustacean,crabs,1.0,01022023MORB01,morrumbene,m,shrimp_net,shrimp_net
198,52,0.0,none,0.2666666666666666,719608f1-9b88-42cc-b983-888cd656656a,gihologo,sihologo,Santola,Scylla serrata ,Portunidae,crustacean,crabs,1.0,08022023MADB04,madava,f,glean,glean
326,52,0.0,none,0.0333333333333333,412ebe42-d0ab-49cd-a390-790fb5dd06a9,gihologo,sihologo,Santola,Scylla serrata ,Portunidae,crustacean,crabs,1.0,24012023CUGB02,kuguana,m,shrimp_net,shrimp_net
197,52,0.0,none,0.2666666666666666,719608f1-9b88-42cc-b983-888cd656656a,gihologo,sihologo,Santola,Scylla serrata ,Portunidae,crustacean,crabs,1.0,08022023MADB04,madava,f,shrimp_net,shrimp_net
183,52,0.0,none,0.2,e12a739b-ed4a-4ff7-94db-d034a066dd23,gihologo,sihologo,Santola,Scylla serrata ,Portunidae,crustacean,crabs,1.0,08022023MADB01,madava,f,fence_trap,fish
192,52,0.0,none,0.2333333333333333,632655b3-8586-4c96-bf14-73c3ddeea90e,gihologo,sihologo,Santola,Scylla serrata ,Portunidae,crustacean,crabs,1.0,08022023MADB03,madava,m,fence_trap,fish
182,52,0.0,none,0.2,e12a739b-ed4a-4ff7-94db-d034a066dd23,gihologo,sihologo,Santola,Scylla serrata ,Portunidae,crustacean,crabs,1.0,08022023MADB01,madava,f,shrimp_net,shrimp_net
293,52,0.0,none,0.0666666666666666,b4a29a62-c0e1-40fd-835b-a134449801ca,gihologo,sihologo,Santola,Scylla serrata ,Portunidae,crustacean,crabs,1.0,O1O22023MOR06,morrumbene,m,drag_net,fish
313,53,0.0,none,0.0666666666666666,217d4e9d-94cc-407a-9aaf-9dabfa977971,lisaba,masaba,Camarao tigre gigante,Penaeus monodon,Penaeidae,crustacean,prawns,1.0,24012023CUGB01,kuguana,m,drag_net,fish
343,53,0.0,none,0.3333333333333333,454f8afd-86aa-4418-80e3-4e1ccb572b8c,lisaba,masaba,Camarao tigre gigante,Penaeus monodon,Penaeidae,crustacean,prawns,1.0,07022023CUGB06,kuguana,m,fence_trap,fish
193,53,0.0,none,0.2333333333333333,632655b3-8586-4c96-bf14-73c3ddeea90e,lisaba,masaba,Camarao tigre gigante,Penaeus monodon,Penaeidae,crustacean,prawns,1.0,08022023MADB03,madava,m,fence_trap,fish
216,53,0.0,none,0.3333333333333333,1436c090-ffc1-44f1-8a1f-115e2164b9b1,lisaba,masaba,Camarao tigre gigante,Penaeus monodon,Penaeidae,crustacean,prawns,1.0,08022023MADB08,madava,f,glean,glean
215,53,0.0,none,0.3333333333333333,1436c090-ffc1-44f1-8a1f-115e2164b9b1,lisaba,masaba,Camarao tigre gigante,Penaeus monodon,Penaeidae,crustacean,prawns,1.0,08022023MADB08,madava,f,shrimp_net,shrimp_net
325,53,0.0,none,0.3,412ebe42-d0ab-49cd-a390-790fb5dd06a9,lisaba,masaba,Camarao tigre gigante,Penaeus monodon,Penaeidae,crustacean,prawns,1.0,24012023CUGB02,kuguana,m,gill_net,fish
346,53,0.0,none,0.3,1dfbdb30-77d7-4a1e-aaf1-2a5bccccfb75,lisaba,masaba,Camarao tigre gigante,Penaeus monodon,Penaeidae,crustacean,prawns,1.0,07022023CUGB07,kuguana,m,fence_trap,fish
184,53,0.0,none,0.2333333333333333,e12a739b-ed4a-4ff7-94db-d034a066dd23,lisaba,masaba,Camarao tigre gigante,Penaeus monodon,Penaeidae,crustacean,prawns,1.0,08022023MADB01,madava,f,shrimp_net,shrimp_net
203,53,0.0,none,0.1666666666666666,6aff3bd5-1d7f-4dfc-a530-7fd33a3b1432,lisaba,masaba,Camarao tigre gigante,Penaeus monodon,Penaeidae,crustacean,prawns,1.0,08022023MADB05,madava,m,gill_net,fish
339,53,0.0,none,0.2,368b8b4c-a618-434a-8ebe-7f7fa8c143fc,lisaba,masaba,Camarao tigre gigante,Penaeus monodon,Penaeidae,crustacean,prawns,1.0,07022023CUGB05,kuguana,m,drag_net,fish
323,53,0.0,none,0.3,412ebe42-d0ab-49cd-a390-790fb5dd06a9,lisaba,masaba,Camarao tigre gigante,Penaeus monodon,Penaeidae,crustacean,prawns,1.0,24012023CUGB02,kuguana,m,shrimp_net,shrimp_net
208,53,0.0,none,0.2333333333333333,8407b1b2-9c62-4161-a560-a8c8415ca76a,lisaba,masaba,Camarao tigre gigante,Penaeus monodon,Penaeidae,crustacean,prawns,1.0,08022023MADB06,madava,m,gill_net,fish
336,53,0.0,none,0.3,f24eae6e-daf3-4cb3-bc7f-4c8139f8238b,lisaba,masaba,Camarao tigre gigante,Penaeus monodon,Penaeidae,crustacean,prawns,1.0,07022023CUGB03,kuguana,f,glean,glean
324,53,0.0,none,0.3,412ebe42-d0ab-49cd-a390-790fb5dd06a9,lisaba,masaba,Camarao tigre gigante,Penaeus monodon,Penaeidae,crustacean,prawns,1.0,24012023CUGB02,kuguana,m,glean,glean
185,53,0.0,none,0.2333333333333333,e12a739b-ed4a-4ff7-94db-d034a066dd23,lisaba,masaba,Camarao tigre gigante,Penaeus monodon,Penaeidae,crustacean,prawns,1.0,08022023MADB01,madava,f,fence_trap,fish
294,54,1.0,low,0.1333333333333333,b4a29a62-c0e1-40fd-835b-a134449801ca,honho,mihonho,Lula,Loliginidae,Loliginidae,cephlopod,cephlopods,1.0,O1O22023MOR06,morrumbene,m,drag_net,fish
284,54,1.0,low,0.2,943aa64d-7c5c-4594-944e-529e0b325617,honho,mihonho,Lula,Loliginidae,Loliginidae,cephlopod,cephlopods,1.0,01022023MOR04,morrumbene,f,glean,glean
332,55,3.0,high,0.1666666666666666,412ebe42-d0ab-49cd-a390-790fb5dd06a9,gudua,,Choco,Sepiidae,Sepiidae,cephlopod,cephlopods,1.0,24012023CUGB02,kuguana,m,shrimp_net,shrimp_net
333,55,3.0,high,0.1666666666666666,412ebe42-d0ab-49cd-a390-790fb5dd06a9,gudua,,Choco,Sepiidae,Sepiidae,cephlopod,cephlopods,1.0,24012023CUGB02,kuguana,m,glean,glean
316,55,3.0,high,0.2333333333333333,217d4e9d-94cc-407a-9aaf-9dabfa977971,gudua,,Choco,Sepiidae,Sepiidae,cephlopod,cephlopods,1.0,24012023CUGB01,kuguana,m,drag_net,fish
340,55,3.0,high,0.4666666666666667,368b8b4c-a618-434a-8ebe-7f7fa8c143fc,gudua,,Choco,Sepiidae,Sepiidae,cephlopod,cephlopods,1.0,07022023CUGB05,kuguana,m,drag_net,fish
350,55,3.0,high,0.2,d63dc568-99da-438e-bd41-3a79bf13b0d9,gudua,,Choco,Sepiidae,Sepiidae,cephlopod,cephlopods,1.0,07022023CUGBO8,kuguana,f,glean,glean
334,55,3.0,high,0.1666666666666666,412ebe42-d0ab-49cd-a390-790fb5dd06a9,gudua,,Choco,Sepiidae,Sepiidae,cephlopod,cephlopods,1.0,24012023CUGB02,kuguana,m,gill_net,fish
259,56,1.5,mod,1.0,c07b295a-d4ce-4f79-b7c1-c11f284e02c4,lipandzi,mavbandzi,Camarao,Penaeidae,Penaeidae,crustacean,prawns,1.0,04032023NGUB08,nguja,f,shrimp_net,shrimp_net
264,56,1.5,mod,0.4666666666666667,5bf5b760-0855-442e-8ccf-d32db9f09235,lipandzi,mavbandzi,Camarao,Penaeidae,Penaeidae,crustacean,prawns,1.0,01022023MORB01,morrumbene,m,shrimp_net,shrimp_net
347,56,1.5,mod,0.3,1dfbdb30-77d7-4a1e-aaf1-2a5bccccfb75,lipandzi,mavbandzi,Camarao,Penaeidae,Penaeidae,crustacean,prawns,1.0,07022023CUGB07,kuguana,m,fence_trap,fish
267,56,1.5,mod,0.4333333333333333,04827c1d-3bba-4bcb-a8be-1af1c071e30f,lipandzi,mavbandzi,Camarao,Penaeidae,Penaeidae,crustacean,prawns,1.0,01022023MORB02,morrumbene,f,shrimp_net,shrimp_net
268,56,1.5,mod,0.4333333333333333,04827c1d-3bba-4bcb-a8be-1af1c071e30f,lipandzi,mavbandzi,Camarao,Penaeidae,Penaeidae,crustacean,prawns,1.0,01022023MORB02,morrumbene,f,glean,glean
297,56,1.5,mod,1.0,275be6f1-5e39-4787-a0f6-e532bee2ef83,lipandzi,mavbandzi,Camarao,Penaeidae,Penaeidae,crustacean,prawns,1.0,01022023MORB07,morrumbene,m,glean,glean
274,56,1.5,mod,0.8,f33778b3-3301-4691-80c6-68692988559b,lipandzi,mavbandzi,Camarao,Penaeidae,Penaeidae,crustacean,prawns,1.0,01022023MORB03,morrumbene,f,glean,glean
337,56,1.5,mod,0.4666666666666667,f24eae6e-daf3-4cb3-bc7f-4c8139f8238b,lipandzi,mavbandzi,Camarao,Penaeidae,Penaeidae,crustacean,prawns,1.0,07022023CUGB03,kuguana,f,glean,glean
319,56,1.5,mod,0.3,412ebe42-d0ab-49cd-a390-790fb5dd06a9,lipandzi,mavbandzi,Camarao,Penaeidae,Penaeidae,crustacean,prawns,1.0,24012023CUGB02,kuguana,m,gill_net,fish
341,56,1.5,mod,0.2,368b8b4c-a618-434a-8ebe-7f7fa8c143fc,lipandzi,mavbandzi,Camarao,Penaeidae,Penaeidae,crustacean,prawns,1.0,07022023CUGB05,kuguana,m,drag_net,fish
318,56,1.5,mod,0.3,412ebe42-d0ab-49cd-a390-790fb5dd06a9,lipandzi,mavbandzi,Camarao,Penaeidae,Penaeidae,crustacean,prawns,1.0,24012023CUGB02,kuguana,m,glean,glean
317,56,1.5,mod,0.3,412ebe42-d0ab-49cd-a390-790fb5dd06a9,lipandzi,mavbandzi,Camarao,Penaeidae,Penaeidae,crustacean,prawns,1.0,24012023CUGB02,kuguana,m,shrimp_net,shrimp_net
314,56,1.5,mod,0.3666666666666666,217d4e9d-94cc-407a-9aaf-9dabfa977971,lipandzi,mavbandzi,Camarao,Penaeidae,Penaeidae,crustacean,prawns,1.0,24012023CUGB01,kuguana,m,drag_net,fish
309,56,1.5,mod,0.5,c0927898-6afe-4a7f-98d1-4ec395b0e647,lipandzi,mavbandzi,Camarao,Penaeidae,Penaeidae,crustacean,prawns,1.0,1902023ILHB06,ilha,f,shrimp_net,shrimp_net
308,56,1.5,mod,0.5,c0927898-6afe-4a7f-98d1-4ec395b0e647,lipandzi,mavbandzi,Camarao,Penaeidae,Penaeidae,crustacean,prawns,1.0,1902023ILHB06,ilha,f,glean,glean
344,56,1.5,mod,0.3333333333333333,454f8afd-86aa-4418-80e3-4e1ccb572b8c,lipandzi,mavbandzi,Camarao,Penaeidae,Penaeidae,crustacean,prawns,1.0,07022023CUGB06,kuguana,m,fence_trap,fish
273,56,1.5,mod,0.8,f33778b3-3301-4691-80c6-68692988559b,lipandzi,mavbandzi,Camarao,Penaeidae,Penaeidae,crustacean,prawns,1.0,01022023MORB03,morrumbene,f,shrimp_net,shrimp_net
304,56,1.5,mod,,f5769b1d-ab41-4ec3-9364-13194af91f08,lipandzi,mavbandzi,Camarao,Penaeidae,Penaeidae,crustacean,prawns,1.0,19022023ILHB05,ilha,m,hand_line,fish
302,56,1.5,mod,1.0,6cd30d28-9c1e-4148-a597-7b9d40fc1ae2,lipandzi,mavbandzi,Camarao,Penaeidae,Penaeidae,crustacean,prawns,1.0,18022023ILHB04,ilha,m,shrimp_net,shrimp_net
299,56,1.5,mod,,b16133a3-e0e9-4edf-8a63-f5fd5cde5cd1,lipandzi,mavbandzi,Camarao,Penaeidae,Penaeidae,crustacean,prawns,1.0,18022023ILHB02,ilha,f,glean,glean
298,56,1.5,mod,,b16133a3-e0e9-4edf-8a63-f5fd5cde5cd1,lipandzi,mavbandzi,Camarao,Penaeidae,Penaeidae,crustacean,prawns,1.0,18022023ILHB02,ilha,f,shrimp_net,shrimp_net
296,56,1.5,mod,1.0,275be6f1-5e39-4787-a0f6-e532bee2ef83,lipandzi,mavbandzi,Camarao,Penaeidae,Penaeidae,crustacean,prawns,1.0,01022023MORB07,morrumbene,m,drag_net,fish
295,56,1.5,mod,0.2333333333333333,b4a29a62-c0e1-40fd-835b-a134449801ca,lipandzi,mavbandzi,Camarao,Penaeidae,Penaeidae,crustacean,prawns,1.0,O1O22023MOR06,morrumbene,m,drag_net,fish
14,56,1.5,mod,0.2666666666666666,310a5eff-b95e-4979-a0dd-c98a7703f436,lipandzi,mavbandzi,Camarao,Penaeidae,Penaeidae,crustacean,prawns,1.0,13022023NHMUB03,nhamua,m,gill_net,fish
289,56,1.5,mod,0.1,d92b97c0-4a75-4f45-9115-4cb6ac9109ad,lipandzi,mavbandzi,Camarao,Penaeidae,Penaeidae,crustacean,prawns,1.0,01022023MORBO5,morrumbene,m,fence_trap,fish
15,56,1.5,mod,0.2666666666666666,310a5eff-b95e-4979-a0dd-c98a7703f436,lipandzi,mavbandzi,Camarao,Penaeidae,Penaeidae,crustacean,prawns,1.0,13022023NHMUB03,nhamua,m,glean,glean
283,56,1.5,mod,0.2,943aa64d-7c5c-4594-944e-529e0b325617,lipandzi,mavbandzi,Camarao,Penaeidae,Penaeidae,crustacean,prawns,1.0,01022023MOR04,morrumbene,f,glean,glean
257,56,1.5,mod,0.6666666666666666,8c4c8baa-dafa-48c6-bb34-4944108c5851,lipandzi,mavbandzi,Camarao,Penaeidae,Penaeidae,crustacean,prawns,1.0,04032023NGUB07,nguja,f,shrimp_net,shrimp_net
222,56,1.5,mod,0.5,a5a2c506-9bdf-4033-9a76-cc0374b5e66e,lipandzi,mavbandzi,Camarao,Penaeidae,Penaeidae,crustacean,prawns,1.0,17022023NHCHB01,nhamaxaxa,f,glean,glean
176,56,1.5,mod,0.3666666666666666,caac8748-ebed-413c-a5d2-a635b5bd8932,lipandzi,mavbandzi,Camarao,Penaeidae,Penaeidae,crustacean,prawns,1.0,09022023NHMPB04,nhampossa,m,fence_trap,fish
36,56,1.5,mod,0.6,5861a90d-3554-4a81-b5e8-e8f9870b88fb,lipandzi,mavbandzi,Camarao,Penaeidae,Penaeidae,crustacean,prawns,1.0,04022023CHAB02,chamane,m,hand_line,fish
212,56,1.5,mod,1.0,8c5ddba3-d736-4831-b7e4-f18bb3d47eae,lipandzi,mavbandzi,Camarao,Penaeidae,Penaeidae,crustacean,prawns,1.0,08022023MADB07,madava,f,glean,glean
209,56,1.5,mod,0.5333333333333333,8407b1b2-9c62-4161-a560-a8c8415ca76a,lipandzi,mavbandzi,Camarao,Penaeidae,Penaeidae,crustacean,prawns,1.0,08022023MADB06,madava,m,gill_net,fish
65,56,1.5,mod,0.1,6b249316-c1e7-4f4f-a49f-435e11af63a2,lipandzi,mavbandzi,Camarao,Penaeidae,Penaeidae,crustacean,prawns,1.0,04022023CHAB07,chamane,m,glean,glean
204,56,1.5,mod,0.2666666666666666,6aff3bd5-1d7f-4dfc-a530-7fd33a3b1432,lipandzi,mavbandzi,Camarao,Penaeidae,Penaeidae,crustacean,prawns,1.0,08022023MADB05,madava,m,gill_net,fish
200,56,1.5,mod,0.5,719608f1-9b88-42cc-b983-888cd656656a,lipandzi,mavbandzi,Camarao,Penaeidae,Penaeidae,crustacean,prawns,1.0,08022023MADB04,madava,f,glean,glean
199,56,1.5,mod,0.5,719608f1-9b88-42cc-b983-888cd656656a,lipandzi,mavbandzi,Camarao,Penaeidae,Penaeidae,crustacean,prawns,1.0,08022023MADB04,madava,f,shrimp_net,shrimp_net
194,56,1.5,mod,0.4333333333333333,632655b3-8586-4c96-bf14-73c3ddeea90e,lipandzi,mavbandzi,Camarao,Penaeidae,Penaeidae,crustacean,prawns,1.0,08022023MADB03,madava,m,fence_trap,fish
190,56,1.5,mod,1.0,be5b94c1-65c2-44dc-af3c-8a0c1f35f055,lipandzi,mavbandzi,Camarao,Penaeidae,Penaeidae,crustacean,prawns,1.0,08022023MADB02,madava,m,drag_net,fish
129,56,1.5,mod,0.0333333333333333,926e019e-024f-43c8-8bfb-1a8170a861dd,lipandzi,mavbandzi,Camarao,Penaeidae,Penaeidae,crustacean,prawns,1.0,02022023MARB09,marrambone,f,shrimp_net,shrimp_net
64,56,1.5,mod,0.1,6b249316-c1e7-4f4f-a49f-435e11af63a2,lipandzi,mavbandzi,Camarao,Penaeidae,Penaeidae,crustacean,prawns,1.0,04022023CHAB07,chamane,m,shrimp_net,shrimp_net
187,56,1.5,mod,0.3666666666666666,e12a739b-ed4a-4ff7-94db-d034a066dd23,lipandzi,mavbandzi,Camarao,Penaeidae,Penaeidae,crustacean,prawns,1.0,08022023MADB01,madava,f,fence_trap,fish
186,56,1.5,mod,0.3666666666666666,e12a739b-ed4a-4ff7-94db-d034a066dd23,lipandzi,mavbandzi,Camarao,Penaeidae,Penaeidae,crustacean,prawns,1.0,08022023MADB01,madava,f,shrimp_net,shrimp_net
63,56,1.5,mod,0.1,6b249316-c1e7-4f4f-a49f-435e11af63a2,lipandzi,mavbandzi,Camarao,Penaeidae,Penaeidae,crustacean,prawns,1.0,04022023CHAB07,chamane,m,gill_net,fish
143,56,1.5,mod,0.3,668fcae1-2e89-417d-b2f7-cca29ae88fcf,lipandzi,mavbandzi,Camarao,Penaeidae,Penaeidae,crustacean,prawns,1.0,31012023MUCB04,mucucune,f,glean,glean
180,56,1.5,mod,0.2333333333333333,a9325c3b-f81d-431a-9628-6b0b57ede5e3,lipandzi,mavbandzi,Camarao,Penaeidae,Penaeidae,crustacean,prawns,1.0,09022023NHMPB05,nhampossa,f,gill_net,fish
351,56,1.5,mod,0.2,d63dc568-99da-438e-bd41-3a79bf13b0d9,lipandzi,mavbandzi,Camarao,Penaeidae,Penaeidae,crustacean,prawns,1.0,07022023CUGBO8,kuguana,f,glean,glean
256,56,1.5,mod,1.0,efe0ad7e-97bf-4dbb-802a-4e8575a54c9d,lipandzi,mavbandzi,Camarao,Penaeidae,Penaeidae,crustacean,prawns,1.0,04032023NGUB06,nguja,m,gill_net,fish
172,56,1.5,mod,0.3333333333333333,1469e0fd-0691-405e-b1e8-c144e854fbb7,lipandzi,mavbandzi,Camarao,Penaeidae,Penaeidae,crustacean,prawns,1.0,09022023NHMPB03,nhampossa,f,shrimp_net,shrimp_net
166,56,1.5,mod,0.1666666666666666,a00016e0-0782-4f50-a9a8-4a5e202f5c50,lipandzi,mavbandzi,Camarao,Penaeidae,Penaeidae,crustacean,prawns,1.0,09022023NHMPB02,nhampossa,m,gill_net,fish
52,56,1.5,mod,0.2666666666666666,d9f43af5-8ab9-476c-bcbd-809deddcdd71,lipandzi,mavbandzi,Camarao,Penaeidae,Penaeidae,crustacean,prawns,1.0,04022023CHAB06,chamane,f,glean,glean
162,56,1.5,mod,0.1,615838ac-55f5-4537-ba76-fecefaddd226,lipandzi,mavbandzi,Camarao,Penaeidae,Penaeidae,crustacean,prawns,1.0,31012023MUCB08,mucucune,f,shrimp_net,shrimp_net
49,56,1.5,mod,0.6,7793fa9e-5754-44f7-a642-e8e243e6ff55,lipandzi,mavbandzi,Camarao,Penaeidae,Penaeidae,crustacean,prawns,1.0,04022023CHAB05,chamane,m,shrimp_net,shrimp_net
45,56,1.5,mod,0.2333333333333333,d4d143b4-de71-42bd-be9e-b42bcadd5863,lipandzi,mavbandzi,Camarao,Penaeidae,Penaeidae,crustacean,prawns,1.0,04022023CHAB03,chamane,m,hand_line,fish
46,56,1.5,mod,0.2333333333333333,d4d143b4-de71-42bd-be9e-b42bcadd5863,lipandzi,mavbandzi,Camarao,Penaeidae,Penaeidae,crustacean,prawns,1.0,04022023CHAB03,chamane,m,shrimp_net,shrimp_net
48,56,1.5,mod,0.5666666666666667,7dc8a846-da63-495f-815e-10c1c4b6720d,lipandzi,mavbandzi,Camarao,Penaeidae,Penaeidae,crustacean,prawns,1.0,04022023CHAB04,chamane,f,shrimp_net,shrimp_net
151,56,1.5,mod,0.1,72b20ec3-78b0-44b1-8f62-06504a26e4c5,lipandzi,mavbandzi,Camarao,Penaeidae,Penaeidae,crustacean,prawns,1.0,31012023MUCB06,mucucune,m,gill_net,fish
218,56,1.5,mod,0.3333333333333333,1436c090-ffc1-44f1-8a1f-115e2164b9b1,lipandzi,mavbandzi,Camarao,Penaeidae,Penaeidae,crustacean,prawns,1.0,08022023MADB08,madava,f,glean,glean
217,56,1.5,mod,0.3333333333333333,1436c090-ffc1-44f1-8a1f-115e2164b9b1,lipandzi,mavbandzi,Camarao,Penaeidae,Penaeidae,crustacean,prawns,1.0,08022023MADB08,madava,f,shrimp_net,shrimp_net
72,56,1.5,mod,0.3333333333333333,fb35740b-c147-41b7-b604-35eed1bf5c77,lipandzi,mavbandzi,Camarao,Penaeidae,Penaeidae,crustacean,prawns,1.0,04022023CHAB08,chamane,m,gill_net,fish
253,56,1.5,mod,1.0,dc97eb44-cd78-4a2c-88bb-90d04851de2c,lipandzi,mavbandzi,Camarao,Penaeidae,Penaeidae,crustacean,prawns,1.0,04032023NGUB03,nguja,f,glean,glean
87,56,1.5,mod,0.3666666666666666,ae7d8f6f-e1d1-484c-b65d-5b64c4bec7b8,lipandzi,mavbandzi,Camarao,Penaeidae,Penaeidae,crustacean,prawns,1.0,02022023MARB03,marrambone,f,shrimp_net,shrimp_net
247,56,1.5,mod,1.0,9bff2b72-1a93-44b5-b64e-81957664ac2e,lipandzi,mavbandzi,Camarao,Penaeidae,Penaeidae,crustacean,prawns,1.0,14022023SAHB07,sahane,f,shrimp_net,shrimp_net
22,56,1.5,mod,1.0,84c51f1a-1d76-4548-b5d1-2ff016fdff3c,lipandzi,mavbandzi,Camarao,Penaeidae,Penaeidae,crustacean,prawns,1.0,16022023NHMUB08,nhamua,f,shrimp_net,shrimp_net
244,56,1.5,mod,0.6666666666666666,0452b1c9-a249-4667-bf24-bb6969858009,lipandzi,mavbandzi,Camarao,Penaeidae,Penaeidae,crustacean,prawns,1.0,14022023SAHB04,sahane,f,glean,glean
237,56,1.5,mod,1.0,fbee7783-67bd-4ec0-86d8-32300ae0d600,lipandzi,mavbandzi,Camarao,Penaeidae,Penaeidae,crustacean,prawns,1.0,14022023SAHB01,sahane,m,shrimp_net,shrimp_net
26,56,1.5,mod,1.0,37446c9d-41b8-4942-8a68-e30fce638745,lipandzi,mavbandzi,Camarao,Penaeidae,Penaeidae,crustacean,prawns,1.0,15022023JOSB04,josina_machel,m,shrimp_net,shrimp_net
27,56,1.5,mod,0.6666666666666666,339c9818-8caa-4798-9a51-85ba26bc71c3,lipandzi,mavbandzi,Camarao,Penaeidae,Penaeidae,crustacean,prawns,1.0,15022023JOSB05,josina_machel,f,shrimp_net,shrimp_net
221,56,1.5,mod,0.5,a5a2c506-9bdf-4033-9a76-cc0374b5e66e,lipandzi,mavbandzi,Camarao,Penaeidae,Penaeidae,crustacean,prawns,1.0,17022023NHCHB01,nhamaxaxa,f,shrimp_net,shrimp_net
105,56,1.5,mod,0.1666666666666666,fa135abb-d0cf-4f86-81fa-d786fd8a957a,lipandzi,mavbandzi,Camarao,Penaeidae,Penaeidae,crustacean,prawns,1.0,02022023MARB04,marrambone,f,glean,glean
106,56,1.5,mod,0.1666666666666666,fa135abb-d0cf-4f86-81fa-d786fd8a957a,lipandzi,mavbandzi,Camarao,Penaeidae,Penaeidae,crustacean,prawns,1.0,02022023MARB04,marrambone,f,shrimp_net,shrimp_net
155,56,1.5,mod,0.2333333333333333,a744e3c9-d3d2-4588-b6cd-900a3f4f4286,lipandzi,mavbandzi,Camarao,Penaeidae,Penaeidae,crustacean,prawns,1.0,31012023MUCB07,mucucune,f,shrimp_net,shrimp_net
107,56,1.5,mod,0.1666666666666666,fa135abb-d0cf-4f86-81fa-d786fd8a957a,lipandzi,mavbandzi,Camarao,Penaeidae,Penaeidae,crustacean,prawns,1.0,02022023MARB04,marrambone,f,gill_net,fish
29,56,1.5,mod,0.4666666666666667,e6132e33-e9f3-45ea-a5cf-7d565844a22c,lipandzi,mavbandzi,Camarao,Penaeidae,Penaeidae,crustacean,prawns,1.0,15022023JOSB06,josina_machel,m,hand_line,fish
73,56,1.5,mod,0.3333333333333333,fb35740b-c147-41b7-b604-35eed1bf5c77,lipandzi,mavbandzi,Camarao,Penaeidae,Penaeidae,crustacean,prawns,1.0,04022023CHAB08,chamane,m,shrimp_net,shrimp_net
80,56,1.5,mod,0.3333333333333333,6e76bb44-7881-4dfe-aff2-019452e7f1ef,lipandzi,mavbandzi,Camarao,Penaeidae,Penaeidae,crustacean,prawns,1.0,02022023MARB02,marrambone,f,shrimp_net,shrimp_net
76,56,1.5,mod,0.4333333333333333,786726d4-2b8e-46a0-ab5f-1339cbe1ab7b,lipandzi,mavbandzi,Camarao,Penaeidae,Penaeidae,crustacean,prawns,1.0,26012023MARB01,marrambone,f,shrimp_net,shrimp_net
79,56,1.5,mod,0.3333333333333333,6e76bb44-7881-4dfe-aff2-019452e7f1ef,lipandzi,mavbandzi,Camarao,Penaeidae,Penaeidae,crustacean,prawns,1.0,02022023MARB02,marrambone,f,glean,glean
113,56,1.5,mod,0.0666666666666666,e8d84b41-6838-4a4d-b98d-66385c122993,lipandzi,mavbandzi,Camarao,Penaeidae,Penaeidae,crustacean,prawns,1.0,02022023MARB05,marrambone,m,fence_trap,fish
227,56,1.5,mod,0.3333333333333333,43fe56c7-3c31-4683-bea1-c741c3af6618,lipandzi,mavbandzi,Camarao,Penaeidae,Penaeidae,crustacean,prawns,1.0,17022023NHCHB03,nhamaxaxa,m,gill_net,fish
17,60,3.0,high,0.2666666666666666,310a5eff-b95e-4979-a0dd-c98a7703f436,litewo,matewo,,Pinna muricata,Pinnidae,mollusc,bivalve,1.0,13022023NHMUB03,nhamua,m,glean,glean
20,60,3.0,high,0.3333333333333333,4baf4004-6764-4530-a467-07a85d6231ee,litewo,matewo,,Pinna muricata,Pinnidae,mollusc,bivalve,1.0,16022023NHMUB04,nhamua,f,shrimp_net,shrimp_net
1,60,3.0,high,0.3333333333333333,5242b473-cb0e-43ec-bc8f-6e626f4ee1d3,litewo,matewo,,Pinna muricata,Pinnidae,mollusc,bivalve,1.0,13022023NHAMUB02,nhamua,f,glean,glean
3,60,3.0,high,0.3333333333333333,3f3b6da1-f4ee-467b-9647-aefe9851351f,litewo,matewo,,Pinna muricata,Pinnidae,mollusc,bivalve,1.0,16022023NHMUB05,nhamua,f,glean,glean
16,60,3.0,high,0.2666666666666666,310a5eff-b95e-4979-a0dd-c98a7703f436,litewo,matewo,,Pinna muricata,Pinnidae,mollusc,bivalve,1.0,13022023NHMUB03,nhamua,m,gill_net,fish
50,60,3.0,high,0.4,7793fa9e-5754-44f7-a642-e8e243e6ff55,litewo,matewo,,Pinna muricata,Pinnidae,mollusc,bivalve,1.0,04022023CHAB05,chamane,m,shrimp_net,shrimp_net
53,60,3.0,high,0.3666666666666666,d9f43af5-8ab9-476c-bcbd-809deddcdd71,litewo,matewo,,Pinna muricata,Pinnidae,mollusc,bivalve,1.0,04022023CHAB06,chamane,f,glean,glean
4,61,3.0,high,0.3333333333333333,3f3b6da1-f4ee-467b-9647-aefe9851351f,livalo,mavalo,ostra,Margaritidae,Margaritidae,mollusc,bivalve,1.0,16022023NHMUB05,nhamua,f,glean,glean
2,61,3.0,high,0.3333333333333333,5242b473-cb0e-43ec-bc8f-6e626f4ee1d3,livalo,mavalo,ostra,Margaritidae,Margaritidae,mollusc,bivalve,1.0,13022023NHAMUB02,nhamua,f,glean,glean
18,61,3.0,high,0.2333333333333333,310a5eff-b95e-4979-a0dd-c98a7703f436,livalo,mavalo,ostra,Margaritidae,Margaritidae,mollusc,bivalve,1.0,13022023NHMUB03,nhamua,m,gill_net,fish
19,61,3.0,high,0.2333333333333333,310a5eff-b95e-4979-a0dd-c98a7703f436,livalo,mavalo,ostra,Margaritidae,Margaritidae,mollusc,bivalve,1.0,13022023NHMUB03,nhamua,m,glean,glean
310,61,3.0,high,1.0,27221a9d-a61e-4908-8da8-4e0e2783119e,livalo,mavalo,ostra,Margaritidae,Margaritidae,mollusc,bivalve,1.0,19022023ILHB08,ilha,f,glean,glean
21,61,3.0,high,0.6666666666666666,4baf4004-6764-4530-a467-07a85d6231ee,livalo,mavalo,ostra,Margaritidae,Margaritidae,mollusc,bivalve,1.0,16022023NHMUB04,nhamua,f,shrimp_net,shrimp_net
301,61,3.0,high,0.6666666666666666,b16133a3-e0e9-4edf-8a63-f5fd5cde5cd1,livalo,mavalo,ostra,Margaritidae,Margaritidae,mollusc,bivalve,1.0,18022023ILHB02,ilha,f,glean,glean
300,61,3.0,high,0.6666666666666666,b16133a3-e0e9-4edf-8a63-f5fd5cde5cd1,livalo,mavalo,ostra,Margaritidae,Margaritidae,mollusc,bivalve,1.0,18022023ILHB02,ilha,f,shrimp_net,shrimp_net
28,61,3.0,high,0.3333333333333333,339c9818-8caa-4798-9a51-85ba26bc71c3,livalo,mavalo,ostra,Margaritidae,Margaritidae,mollusc,bivalve,1.0,15022023JOSB05,josina_machel,f,shrimp_net,shrimp_net
152,63,0.0,none,0.1333333333333333,72b20ec3-78b0-44b1-8f62-06504a26e4c5,nhamunhe,,Amêijoa,Tapes literatus,Veneridae,mollusc,bivalve,1.0,31012023MUCB06,mucucune,m,gill_net,fish
156,63,0.0,none,0.3,a744e3c9-d3d2-4588-b6cd-900a3f4f4286,nhamunhe,,Amêijoa,Tapes literatus,Veneridae,mollusc,bivalve,1.0,31012023MUCB07,mucucune,f,shrimp_net,shrimp_net
163,63,0.0,none,0.1333333333333333,615838ac-55f5-4537-ba76-fecefaddd226,nhamunhe,,Amêijoa,Tapes literatus,Veneridae,mollusc,bivalve,1.0,31012023MUCB08,mucucune,f,shrimp_net,shrimp_net
139,63,0.0,none,0.3666666666666666,84267d00-7c2a-415c-b15e-d1f3a08a24ea,nhamunhe,,Amêijoa,Tapes literatus,Veneridae,mollusc,bivalve,1.0,31012023MUCB03,mucucune,f,glean,glean
223,63,0.0,none,0.3666666666666666,8719e18a-7160-440e-884e-330fdba6d7a1,nhamunhe,,Amêijoa,Tapes literatus,Veneridae,mollusc,bivalve,1.0,17022023NHCHB02,nhamaxaxa,f,glean,glean
270,64,0.0,none,0.2,04827c1d-3bba-4bcb-a8be-1af1c071e30f,lihutu,mahutu,Amêijoa,Siliqua polita,Pharidae,mollusc,bivalve,1.0,01022023MORB02,morrumbene,f,glean,glean
275,64,0.0,none,0.0666666666666666,f33778b3-3301-4691-80c6-68692988559b,lihutu,mahutu,Amêijoa,Siliqua polita,Pharidae,mollusc,bivalve,1.0,01022023MORB03,morrumbene,f,shrimp_net,shrimp_net
276,64,0.0,none,0.0666666666666666,f33778b3-3301-4691-80c6-68692988559b,lihutu,mahutu,Amêijoa,Siliqua polita,Pharidae,mollusc,bivalve,1.0,01022023MORB03,morrumbene,f,glean,glean
269,64,0.0,none,0.2,04827c1d-3bba-4bcb-a8be-1af1c071e30f,lihutu,mahutu,Amêijoa,Siliqua polita,Pharidae,mollusc,bivalve,1.0,01022023MORB02,morrumbene,f,shrimp_net,shrimp_net
271,68,0.0,none,0.1,04827c1d-3bba-4bcb-a8be-1af1c071e30f,nhanguedwa,nhanguedwa,canivetes,Solenidae,Solenidae,mollusc,bivalve,1.0,01022023MORB02,morrumbene,f,shrimp_net,shrimp_net
272,68,0.0,none,0.1,04827c1d-3bba-4bcb-a8be-1af1c071e30f,nhanguedwa,nhanguedwa,canivetes,Solenidae,Solenidae,mollusc,bivalve,1.0,01022023MORB02,morrumbene,f,glean,glean
278,68,0.0,none,0.1333333333333333,f33778b3-3301-4691-80c6-68692988559b,nhanguedwa,nhanguedwa,canivetes,Solenidae,Solenidae,mollusc,bivalve,1.0,01022023MORB03,morrumbene,f,glean,glean
277,68,0.0,none,0.1333333333333333,f33778b3-3301-4691-80c6-68692988559b,nhanguedwa,nhanguedwa,canivetes,Solenidae,Solenidae,mollusc,bivalve,1.0,01022023MORB03,morrumbene,f,shrimp_net,shrimp_net
189,68,0.0,none,0.2,e12a739b-ed4a-4ff7-94db-d034a066dd23,nhanguedwa,nhanguedwa,canivetes,Solenidae,Solenidae,mollusc,bivalve,1.0,08022023MADB01,madava,f,fence_trap,fish
188,68,0.0,none,0.2,e12a739b-ed4a-4ff7-94db-d034a066dd23,nhanguedwa,nhanguedwa,canivetes,Solenidae,Solenidae,mollusc,bivalve,1.0,08022023MADB01,madava,f,shrimp_net,shrimp_net
225,71,3.0,high,0.2,8719e18a-7160-440e-884e-330fdba6d7a1,nhasastani,,Amêijoa,Callista florida,Veneridae,mollusc,bivalve,1.0,17022023NHCHB02,nhamaxaxa,f,glean,glean
82,74,0.0,none,0.1666666666666666,6e76bb44-7881-4dfe-aff2-019452e7f1ef,likolo,makolo,Caracóis,Potamididae,Potamididae,mollusc,gastropod,1.0,02022023MARB02,marrambone,f,shrimp_net,shrimp_net
88,74,0.0,none,0.1,ae7d8f6f-e1d1-484c-b65d-5b64c4bec7b8,likolo,makolo,Caracóis,Potamididae,Potamididae,mollusc,gastropod,1.0,02022023MARB03,marrambone,f,shrimp_net,shrimp_net
114,74,0.0,none,0.1333333333333333,e8d84b41-6838-4a4d-b98d-66385c122993,likolo,makolo,Caracóis,Potamididae,Potamididae,mollusc,gastropod,1.0,02022023MARB05,marrambone,m,fence_trap,fish
81,74,0.0,none,0.1666666666666666,6e76bb44-7881-4dfe-aff2-019452e7f1ef,likolo,makolo,Caracóis,Potamididae,Potamididae,mollusc,gastropod,1.0,02022023MARB02,marrambone,f,glean,glean
153,78,0.0,none,0.1333333333333333,72b20ec3-78b0-44b1-8f62-06504a26e4c5,togoma,dzitogoma,Caracóis,Volema pyrum,Melongenidae,mollusc,gastropod,1.0,31012023MUCB06,mucucune,m,gill_net,fish
89,78,0.0,none,0.1,ae7d8f6f-e1d1-484c-b65d-5b64c4bec7b8,togoma,dzitogoma,Caracóis,Volema pyrum,Melongenidae,mollusc,gastropod,1.0,02022023MARB03,marrambone,f,shrimp_net,shrimp_net
205,78,0.0,none,0.1,6aff3bd5-1d7f-4dfc-a530-7fd33a3b1432,togoma,dzitogoma,Caracóis,Volema pyrum,Melongenidae,mollusc,gastropod,1.0,08022023MADB05,madava,m,gill_net,fish
181,78,0.0,none,0.2333333333333333,a9325c3b-f81d-431a-9628-6b0b57ede5e3,togoma,dzitogoma,Caracóis,Volema pyrum,Melongenidae,mollusc,gastropod,1.0,09022023NHMPB05,nhampossa,f,gill_net,fish
140,78,0.0,none,0.3,84267d00-7c2a-415c-b15e-d1f3a08a24ea,togoma,dzitogoma,Caracóis,Volema pyrum,Melongenidae,mollusc,gastropod,1.0,31012023MUCB03,mucucune,f,glean,glean
83,78,0.0,none,0.2333333333333333,6e76bb44-7881-4dfe-aff2-019452e7f1ef,togoma,dzitogoma,Caracóis,Volema pyrum,Melongenidae,mollusc,gastropod,1.0,02022023MARB02,marrambone,f,glean,glean
164,78,0.0,none,0.1333333333333333,615838ac-55f5-4537-ba76-fecefaddd226,togoma,dzitogoma,Caracóis,Volema pyrum,Melongenidae,mollusc,gastropod,1.0,31012023MUCB08,mucucune,f,shrimp_net,shrimp_net
84,78,0.0,none,0.2333333333333333,6e76bb44-7881-4dfe-aff2-019452e7f1ef,togoma,dzitogoma,Caracóis,Volema pyrum,Melongenidae,mollusc,gastropod,1.0,02022023MARB02,marrambone,f,shrimp_net,shrimp_net
157,78,0.0,none,0.2333333333333333,a744e3c9-d3d2-4588-b6cd-900a3f4f4286,togoma,dzitogoma,Caracóis,Volema pyrum,Melongenidae,mollusc,gastropod,1.0,31012023MUCB07,mucucune,f,shrimp_net,shrimp_net
115,78,0.0,none,0.1,e8d84b41-6838-4a4d-b98d-66385c122993,togoma,dzitogoma,Caracóis,Volema pyrum,Melongenidae,mollusc,gastropod,1.0,02022023MARB05,marrambone,m,fence_trap,fish
