,resource_id,sg_dep_median,sg_dep_cat,social,ParentGlobalID,gitonga_s,gitonga_p,portuguese,scientific,family,phylum,category,focal,id,ccp,gender,fish_pract,pract_cat
90,01,0.0,none,0.4666666666666667,fa135abb-d0cf-4f86-81fa-d786fd8a957a,hili,mihili,pescadinha,Sillago sihama,Sillaginidae,bony fish,fish,1.0,02022023MARB04,marrambone,f,gill_net,fish
254,01,0.0,none,0.2666666666666666,943aa64d-7c5c-4594-944e-529e0b325617,hili,mihili,pescadinha,Sillago sihama,Sillaginidae,bony fish,fish,1.0,01022023MOR04,morrumbene,f,glean,glean
73,01,0.0,none,0.1666666666666666,fb35740b-c147-41b7-b604-35eed1bf5c77,hili,mihili,pescadinha,Sillago sihama,Sillaginidae,bony fish,fish,1.0,04022023CHAB08,chamane,m,shrimp_net,shrimp_net
127,01,0.0,none,0.1333333333333333,b1aecc22-d28c-4728-9c70-966d76a26e88,hili,mihili,pescadinha,Sillago sihama,Sillaginidae,bony fish,fish,1.0,31012023MUB02,mucucune,m,fence_trap,fish
72,01,0.0,none,0.1666666666666666,fb35740b-c147-41b7-b604-35eed1bf5c77,hili,mihili,pescadinha,Sillago sihama,Sillaginidae,bony fish,fish,1.0,04022023CHAB08,chamane,m,gill_net,fish
272,01,0.0,none,,8423da8b-88cf-49f4-8723-5e442b776d59,hili,mihili,pescadinha,Sillago sihama,Sillaginidae,bony fish,fish,1.0,18022023ILHB01,ilha,m,fence_trap,fish
271,01,0.0,none,0.6666666666666666,3f9d47fc-5dc8-4cf3-9ee0-ac3b9d7d8390,hili,mihili,pescadinha,Sillago sihama,Sillaginidae,bony fish,fish,1.0,08032023MORB08,morrumbene,m,hand_line,fish
103,01,0.0,none,0.1333333333333333,e8d84b41-6838-4a4d-b98d-66385c122993,hili,mihili,pescadinha,Sillago sihama,Sillaginidae,bony fish,fish,1.0,02022023MARB05,marrambone,m,fence_trap,fish
122,01,0.0,none,0.1666666666666666,47619fa4-71bc-4eef-b706-4e52c3cd7db8,hili,mihili,pescadinha,Sillago sihama,Sillaginidae,bony fish,fish,1.0,31012023MUCB01,mucucune,m,basket_trap,fish
120,01,0.0,none,0.4,926e019e-024f-43c8-8bfb-1a8170a861dd,hili,mihili,pescadinha,Sillago sihama,Sillaginidae,bony fish,fish,1.0,02022023MARB09,marrambone,f,shrimp_net,shrimp_net
262,01,0.0,none,0.2,b4a29a62-c0e1-40fd-835b-a134449801ca,hili,mihili,pescadinha,Sillago sihama,Sillaginidae,bony fish,fish,1.0,O1O22023MOR06,morrumbene,m,drag_net,fish
118,01,0.0,none,0.5333333333333333,53eb3e09-7bc8-4d11-868d-4415c4329998,hili,mihili,pescadinha,Sillago sihama,Sillaginidae,bony fish,fish,1.0,02022023MARB08,marrambone,m,basket_trap,fish
89,01,0.0,none,0.4666666666666667,fa135abb-d0cf-4f86-81fa-d786fd8a957a,hili,mihili,pescadinha,Sillago sihama,Sillaginidae,bony fish,fish,1.0,02022023MARB04,marrambone,f,shrimp_net,shrimp_net
46,01,0.0,none,0.3,d4d143b4-de71-42bd-be9e-b42bcadd5863,hili,mihili,pescadinha,Sillago sihama,Sillaginidae,bony fish,fish,1.0,04022023CHAB03,chamane,m,hand_line,fish
47,01,0.0,none,0.3,d4d143b4-de71-42bd-be9e-b42bcadd5863,hili,mihili,pescadinha,Sillago sihama,Sillaginidae,bony fish,fish,1.0,04022023CHAB03,chamane,m,shrimp_net,shrimp_net
65,01,0.0,none,0.3333333333333333,6b249316-c1e7-4f4f-a49f-435e11af63a2,hili,mihili,pescadinha,Sillago sihama,Sillaginidae,bony fish,fish,1.0,04022023CHAB07,chamane,m,glean,glean
64,01,0.0,none,0.3333333333333333,6b249316-c1e7-4f4f-a49f-435e11af63a2,hili,mihili,pescadinha,Sillago sihama,Sillaginidae,bony fish,fish,1.0,04022023CHAB07,chamane,m,shrimp_net,shrimp_net
63,01,0.0,none,0.3333333333333333,6b249316-c1e7-4f4f-a49f-435e11af63a2,hili,mihili,pescadinha,Sillago sihama,Sillaginidae,bony fish,fish,1.0,04022023CHAB07,chamane,m,gill_net,fish
113,01,0.0,none,0.2333333333333333,c4bf73af-5f99-4b43-abd8-9373a369c415,hili,mihili,pescadinha,Sillago sihama,Sillaginidae,bony fish,fish,1.0,02022023MARB07,marrambone,m,gill_net,fish
258,01,0.0,none,0.2666666666666666,d92b97c0-4a75-4f45-9115-4cb6ac9109ad,hili,mihili,pescadinha,Sillago sihama,Sillaginidae,bony fish,fish,1.0,01022023MORBO5,morrumbene,m,fence_trap,fish
54,01,0.0,none,0.2666666666666666,7dc8a846-da63-495f-815e-10c1c4b6720d,hili,mihili,pescadinha,Sillago sihama,Sillaginidae,bony fish,fish,1.0,04022023CHAB04,chamane,f,shrimp_net,shrimp_net
202,01,0.0,none,0.1666666666666666,8407b1b2-9c62-4161-a560-a8c8415ca76a,hili,mihili,pescadinha,Sillago sihama,Sillaginidae,bony fish,fish,1.0,08022023MADB06,madava,m,gill_net,fish
27,01,0.0,none,0.8333333333333334,0d25df79-dc4d-42aa-9bc9-3b705d683d68,hili,mihili,pescadinha,Sillago sihama,Sillaginidae,bony fish,fish,1.0,16022023NHMUB06,nhamua,m,gill_net,fish
218,01,0.0,none,0.6666666666666666,8536dca4-ea83-4248-865b-3b13873d1a90,hili,mihili,pescadinha,Sillago sihama,Sillaginidae,bony fish,fish,1.0,09032023NHCHB07,nhamaxaxa,m,hand_line,fish
279,01,0.0,none,,f5769b1d-ab41-4ec3-9364-13194af91f08,hili,mihili,pescadinha,Sillago sihama,Sillaginidae,bony fish,fish,1.0,19022023ILHB05,ilha,m,hand_line,fish
109,01,0.0,none,0.3,a9a9124d-f801-444e-a6ac-6f1064ecb6a6,hili,mihili,pescadinha,Sillago sihama,Sillaginidae,bony fish,fish,1.0,02022023MARB06,marrambone,m,hand_line,fish
6,01,0.0,none,0.1333333333333333,1205bf41-13d7-4421-b564-4a77c527cd17,hili,mihili,pescadinha,Sillago sihama,Sillaginidae,bony fish,fish,1.0,13022023NHMUB01,nhamua,m,fence_trap,fish
88,01,0.0,none,0.4666666666666667,fa135abb-d0cf-4f86-81fa-d786fd8a957a,hili,mihili,pescadinha,Sillago sihama,Sillaginidae,bony fish,fish,1.0,02022023MARB04,marrambone,f,glean,glean
12,01,0.0,none,0.1666666666666666,310a5eff-b95e-4979-a0dd-c98a7703f436,hili,mihili,pescadinha,Sillago sihama,Sillaginidae,bony fish,fish,1.0,13022023NHMUB03,nhamua,m,gill_net,fish
175,01,0.0,none,0.1428333333333333,be5b94c1-65c2-44dc-af3c-8a0c1f35f055,hili,mihili,pescadinha,Sillago sihama,Sillaginidae,bony fish,fish,1.0,08022023MADB02,madava,m,drag_net,fish
13,01,0.0,none,0.1666666666666666,310a5eff-b95e-4979-a0dd-c98a7703f436,hili,mihili,pescadinha,Sillago sihama,Sillaginidae,bony fish,fish,1.0,13022023NHMUB03,nhamua,m,glean,glean
300,01,0.0,none,0.3666666666666666,f24eae6e-daf3-4cb3-bc7f-4c8139f8238b,hili,mihili,pescadinha,Sillago sihama,Sillaginidae,bony fish,fish,1.0,07022023CUGB03,kuguana,f,glean,glean
228,01,0.0,none,0.5,5aeb00bc-7c10-415f-8538-cfe07ef741c2,hili,mihili,pescadinha,Sillago sihama,Sillaginidae,bony fish,fish,1.0,14022023SAHB06,sahane,m,hand_line,fish
302,01,0.0,none,0.3666666666666666,074701a4-86f2-4beb-a67e-b12fc841f7fe,hili,mihili,pescadinha,Sillago sihama,Sillaginidae,bony fish,fish,1.0,07022023CUGB04,kuguana,f,shrimp_net,shrimp_net
223,01,0.0,none,0.5,f1ab0d58-a047-4854-9fab-5639a38d0919,hili,mihili,pescadinha,Sillago sihama,Sillaginidae,bony fish,fish,1.0,14022023SAHB02,sahane,m,hand_line,fish
143,01,0.0,none,0.1333333333333333,72b20ec3-78b0-44b1-8f62-06504a26e4c5,hili,mihili,pescadinha,Sillago sihama,Sillaginidae,bony fish,fish,1.0,31012023MUCB06,mucucune,m,gill_net,fish
303,01,0.0,none,0.3666666666666666,074701a4-86f2-4beb-a67e-b12fc841f7fe,hili,mihili,pescadinha,Sillago sihama,Sillaginidae,bony fish,fish,1.0,07022023CUGB04,kuguana,f,drag_net,fish
295,01,0.0,none,0.3,412ebe42-d0ab-49cd-a390-790fb5dd06a9,hili,mihili,pescadinha,Sillago sihama,Sillaginidae,bony fish,fish,1.0,24012023CUGB02,kuguana,m,glean,glean
294,01,0.0,none,0.3,412ebe42-d0ab-49cd-a390-790fb5dd06a9,hili,mihili,pescadinha,Sillago sihama,Sillaginidae,bony fish,fish,1.0,24012023CUGB02,kuguana,m,shrimp_net,shrimp_net
230,01,0.0,none,0.3333333333333333,a6e2b0b2-8d88-42c8-b600-7b0619713312,hili,mihili,pescadinha,Sillago sihama,Sillaginidae,bony fish,fish,1.0,04032023NGUB01,nguja,m,hand_line,fish
286,01,0.0,none,0.1333333333333333,217d4e9d-94cc-407a-9aaf-9dabfa977971,hili,mihili,pescadinha,Sillago sihama,Sillaginidae,bony fish,fish,1.0,24012023CUGB01,kuguana,m,drag_net,fish
157,01,0.0,none,0.2,a00016e0-0782-4f50-a9a8-4a5e202f5c50,hili,mihili,pescadinha,Sillago sihama,Sillaginidae,bony fish,fish,1.0,09022023NHMPB02,nhampossa,m,gill_net,fish
139,01,0.0,none,0.25,942decee-217f-4b36-be4c-3948ed7665d0,hili,mihili,pescadinha,Sillago sihama,Sillaginidae,bony fish,fish,1.0,31012023MUCB05,mucucune,m,hand_line,fish
167,01,0.0,none,0.1,caac8748-ebed-413c-a5d2-a635b5bd8932,hili,mihili,pescadinha,Sillago sihama,Sillaginidae,bony fish,fish,1.0,09022023NHMPB04,nhampossa,m,fence_trap,fish
296,01,0.0,none,0.3,412ebe42-d0ab-49cd-a390-790fb5dd06a9,hili,mihili,pescadinha,Sillago sihama,Sillaginidae,bony fish,fish,1.0,24012023CUGB02,kuguana,m,gill_net,fish
236,02,0.0,none,0.3333333333333333,efe0ad7e-97bf-4dbb-802a-4e8575a54c9d,livbionho,mavbionho,Melanúria comum,Gerres oyena,Gerreidae,bony fish,fish,1.0,04032023NGUB06,nguja,m,gill_net,fish
59,02,0.0,none,0.1333333333333333,7793fa9e-5754-44f7-a642-e8e243e6ff55,livbionho,mavbionho,Melanúria comum,Gerres oyena,Gerreidae,bony fish,fish,1.0,04022023CHAB05,chamane,m,shrimp_net,shrimp_net
80,02,0.0,none,0.2333333333333333,786726d4-2b8e-46a0-ab5f-1339cbe1ab7b,livbionho,mavbionho,Melanúria comum,Gerres oyena,Gerreidae,bony fish,fish,1.0,26012023MARB01,marrambone,f,shrimp_net,shrimp_net
92,02,0.0,none,0.0666666666666666,fa135abb-d0cf-4f86-81fa-d786fd8a957a,livbionho,mavbionho,Melanúria comum,Gerres oyena,Gerreidae,bony fish,fish,1.0,02022023MARB04,marrambone,f,shrimp_net,shrimp_net
66,02,0.0,none,0.3333333333333333,6b249316-c1e7-4f4f-a49f-435e11af63a2,livbionho,mavbionho,Melanúria comum,Gerres oyena,Gerreidae,bony fish,fish,1.0,04022023CHAB07,chamane,m,gill_net,fish
93,02,0.0,none,0.0666666666666666,fa135abb-d0cf-4f86-81fa-d786fd8a957a,livbionho,mavbionho,Melanúria comum,Gerres oyena,Gerreidae,bony fish,fish,1.0,02022023MARB04,marrambone,f,gill_net,fish
68,02,0.0,none,0.3333333333333333,6b249316-c1e7-4f4f-a49f-435e11af63a2,livbionho,mavbionho,Melanúria comum,Gerres oyena,Gerreidae,bony fish,fish,1.0,04022023CHAB07,chamane,m,glean,glean
104,02,0.0,none,0.2,e8d84b41-6838-4a4d-b98d-66385c122993,livbionho,mavbionho,Melanúria comum,Gerres oyena,Gerreidae,bony fish,fish,1.0,02022023MARB05,marrambone,m,fence_trap,fish
229,02,0.0,none,0.5,5aeb00bc-7c10-415f-8538-cfe07ef741c2,livbionho,mavbionho,Melanúria comum,Gerres oyena,Gerreidae,bony fish,fish,1.0,14022023SAHB06,sahane,m,hand_line,fish
216,02,0.0,none,0.6666666666666666,ba1de70c-3350-4192-9540-077338da9ce6,livbionho,mavbionho,Melanúria comum,Gerres oyena,Gerreidae,bony fish,fish,1.0,17022023NHCHB05,nhamaxaxa,m,hand_line,fish
74,02,0.0,none,0.2666666666666666,fb35740b-c147-41b7-b604-35eed1bf5c77,livbionho,mavbionho,Melanúria comum,Gerres oyena,Gerreidae,bony fish,fish,1.0,04022023CHAB08,chamane,m,gill_net,fish
75,02,0.0,none,0.2666666666666666,fb35740b-c147-41b7-b604-35eed1bf5c77,livbionho,mavbionho,Melanúria comum,Gerres oyena,Gerreidae,bony fish,fish,1.0,04022023CHAB08,chamane,m,shrimp_net,shrimp_net
91,02,0.0,none,0.0666666666666666,fa135abb-d0cf-4f86-81fa-d786fd8a957a,livbionho,mavbionho,Melanúria comum,Gerres oyena,Gerreidae,bony fish,fish,1.0,02022023MARB04,marrambone,f,glean,glean
67,02,0.0,none,0.3333333333333333,6b249316-c1e7-4f4f-a49f-435e11af63a2,livbionho,mavbionho,Melanúria comum,Gerres oyena,Gerreidae,bony fish,fish,1.0,04022023CHAB07,chamane,m,shrimp_net,shrimp_net
159,02,0.0,none,0.1666666666666666,a00016e0-0782-4f50-a9a8-4a5e202f5c50,livbionho,mavbionho,Melanúria comum,Gerres oyena,Gerreidae,bony fish,fish,1.0,09022023NHMPB02,nhampossa,m,gill_net,fish
55,02,0.0,none,0.1,7dc8a846-da63-495f-815e-10c1c4b6720d,livbionho,mavbionho,Melanúria comum,Gerres oyena,Gerreidae,bony fish,fish,1.0,04022023CHAB04,chamane,f,shrimp_net,shrimp_net
7,02,0.0,none,0.1666666666666666,1205bf41-13d7-4421-b564-4a77c527cd17,livbionho,mavbionho,Melanúria comum,Gerres oyena,Gerreidae,bony fish,fish,1.0,13022023NHMUB01,nhamua,m,fence_trap,fish
144,02,0.0,none,0.0333333333333333,72b20ec3-78b0-44b1-8f62-06504a26e4c5,livbionho,mavbionho,Melanúria comum,Gerres oyena,Gerreidae,bony fish,fish,1.0,31012023MUCB06,mucucune,m,gill_net,fish
14,02,0.0,none,0.1333333333333333,310a5eff-b95e-4979-a0dd-c98a7703f436,livbionho,mavbionho,Melanúria comum,Gerres oyena,Gerreidae,bony fish,fish,1.0,13022023NHMUB03,nhamua,m,gill_net,fish
15,02,0.0,none,0.1333333333333333,310a5eff-b95e-4979-a0dd-c98a7703f436,livbionho,mavbionho,Melanúria comum,Gerres oyena,Gerreidae,bony fish,fish,1.0,13022023NHMUB03,nhamua,m,glean,glean
110,02,0.0,none,0.4,a9a9124d-f801-444e-a6ac-6f1064ecb6a6,livbionho,mavbionho,Melanúria comum,Gerres oyena,Gerreidae,bony fish,fish,1.0,02022023MARB06,marrambone,m,hand_line,fish
128,02,0.0,none,0.1333333333333333,b1aecc22-d28c-4728-9c70-966d76a26e88,livbionho,mavbionho,Melanúria comum,Gerres oyena,Gerreidae,bony fish,fish,1.0,31012023MUB02,mucucune,m,fence_trap,fish
274,02,0.0,none,0.1333333333333333,8423da8b-88cf-49f4-8723-5e442b776d59,livbionho,mavbionho,Melanúria comum,Gerres oyena,Gerreidae,bony fish,fish,1.0,18022023ILHB01,ilha,m,fence_trap,fish
123,02,0.0,none,0.1,47619fa4-71bc-4eef-b706-4e52c3cd7db8,livbionho,mavbionho,Melanúria comum,Gerres oyena,Gerreidae,bony fish,fish,1.0,31012023MUCB01,mucucune,m,basket_trap,fish
177,02,0.0,none,0.1428333333333333,be5b94c1-65c2-44dc-af3c-8a0c1f35f055,livbionho,mavbionho,Melanúria comum,Gerres oyena,Gerreidae,bony fish,fish,1.0,08022023MADB02,madava,m,drag_net,fish
45,02,0.0,none,1.0,5861a90d-3554-4a81-b5e8-e8f9870b88fb,livbionho,mavbionho,Melanúria comum,Gerres oyena,Gerreidae,bony fish,fish,1.0,04022023CHAB02,chamane,m,hand_line,fish
48,02,0.0,none,0.0666666666666666,d4d143b4-de71-42bd-be9e-b42bcadd5863,livbionho,mavbionho,Melanúria comum,Gerres oyena,Gerreidae,bony fish,fish,1.0,04022023CHAB03,chamane,m,hand_line,fish
114,02,0.0,none,0.2666666666666666,c4bf73af-5f99-4b43-abd8-9373a369c415,livbionho,mavbionho,Melanúria comum,Gerres oyena,Gerreidae,bony fish,fish,1.0,02022023MARB07,marrambone,m,gill_net,fish
49,02,0.0,none,0.0666666666666666,d4d143b4-de71-42bd-be9e-b42bcadd5863,livbionho,mavbionho,Melanúria comum,Gerres oyena,Gerreidae,bony fish,fish,1.0,04022023CHAB03,chamane,m,shrimp_net,shrimp_net
37,02,0.0,none,0.2333333333333333,e6132e33-e9f3-45ea-a5cf-7d565844a22c,livbionho,mavbionho,Melanúria comum,Gerres oyena,Gerreidae,bony fish,fish,1.0,15022023JOSB06,josina_machel,m,hand_line,fish
158,03,0.5,none,0.1333333333333333,a00016e0-0782-4f50-a9a8-4a5e202f5c50,salani,,Melanúria timoneira,Gerres longirostris,Gerreidae,bony fish,fish,1.0,09022023NHMPB02,nhampossa,m,gill_net,fish
111,03,0.5,none,0.1666666666666666,a9a9124d-f801-444e-a6ac-6f1064ecb6a6,salani,,Melanúria timoneira,Gerres longirostris,Gerreidae,bony fish,fish,1.0,02022023MARB06,marrambone,m,hand_line,fish
163,03,0.5,none,0.2,1469e0fd-0691-405e-b1e8-c144e854fbb7,salani,,Melanúria timoneira,Gerres longirostris,Gerreidae,bony fish,fish,1.0,09022023NHMPB03,nhampossa,f,shrimp_net,shrimp_net
145,03,0.5,none,0.1666666666666666,72b20ec3-78b0-44b1-8f62-06504a26e4c5,salani,,Melanúria timoneira,Gerres longirostris,Gerreidae,bony fish,fish,1.0,31012023MUCB06,mucucune,m,gill_net,fish
105,03,0.5,none,0.2,e8d84b41-6838-4a4d-b98d-66385c122993,salani,,Melanúria timoneira,Gerres longirostris,Gerreidae,bony fish,fish,1.0,02022023MARB05,marrambone,m,fence_trap,fish
140,03,0.5,none,0.25,942decee-217f-4b36-be4c-3948ed7665d0,salani,,Melanúria timoneira,Gerres longirostris,Gerreidae,bony fish,fish,1.0,31012023MUCB05,mucucune,m,hand_line,fish
121,03,0.5,none,0.6,926e019e-024f-43c8-8bfb-1a8170a861dd,salani,,Melanúria timoneira,Gerres longirostris,Gerreidae,bony fish,fish,1.0,02022023MARB09,marrambone,f,shrimp_net,shrimp_net
95,03,0.5,none,0.2666666666666666,fa135abb-d0cf-4f86-81fa-d786fd8a957a,salani,,Melanúria timoneira,Gerres longirostris,Gerreidae,bony fish,fish,1.0,02022023MARB04,marrambone,f,shrimp_net,shrimp_net
96,03,0.5,none,0.2666666666666666,fa135abb-d0cf-4f86-81fa-d786fd8a957a,salani,,Melanúria timoneira,Gerres longirostris,Gerreidae,bony fish,fish,1.0,02022023MARB04,marrambone,f,gill_net,fish
176,03,0.5,none,0.1428333333333333,be5b94c1-65c2-44dc-af3c-8a0c1f35f055,salani,,Melanúria timoneira,Gerres longirostris,Gerreidae,bony fish,fish,1.0,08022023MADB02,madava,m,drag_net,fish
129,03,0.5,none,0.1333333333333333,b1aecc22-d28c-4728-9c70-966d76a26e88,salani,,Melanúria timoneira,Gerres longirostris,Gerreidae,bony fish,fish,1.0,31012023MUB02,mucucune,m,fence_trap,fish
115,03,0.5,none,0.1333333333333333,c4bf73af-5f99-4b43-abd8-9373a369c415,salani,,Melanúria timoneira,Gerres longirostris,Gerreidae,bony fish,fish,1.0,02022023MARB07,marrambone,m,gill_net,fish
119,03,0.5,none,0.4666666666666667,53eb3e09-7bc8-4d11-868d-4415c4329998,salani,,Melanúria timoneira,Gerres longirostris,Gerreidae,bony fish,fish,1.0,02022023MARB08,marrambone,m,basket_trap,fish
124,03,0.5,none,0.2333333333333333,47619fa4-71bc-4eef-b706-4e52c3cd7db8,salani,,Melanúria timoneira,Gerres longirostris,Gerreidae,bony fish,fish,1.0,31012023MUCB01,mucucune,m,basket_trap,fish
94,03,0.5,none,0.2666666666666666,fa135abb-d0cf-4f86-81fa-d786fd8a957a,salani,,Melanúria timoneira,Gerres longirostris,Gerreidae,bony fish,fish,1.0,02022023MARB04,marrambone,f,glean,glean
168,03,0.5,none,0.1666666666666666,caac8748-ebed-413c-a5d2-a635b5bd8932,salani,,Melanúria timoneira,Gerres longirostris,Gerreidae,bony fish,fish,1.0,09022023NHMPB04,nhampossa,m,fence_trap,fish
76,03,0.5,none,0.3333333333333333,fb35740b-c147-41b7-b604-35eed1bf5c77,salani,,Melanúria timoneira,Gerres longirostris,Gerreidae,bony fish,fish,1.0,04022023CHAB08,chamane,m,gill_net,fish
38,03,0.5,none,0.1666666666666666,e6132e33-e9f3-45ea-a5cf-7d565844a22c,salani,,Melanúria timoneira,Gerres longirostris,Gerreidae,bony fish,fish,1.0,15022023JOSB06,josina_machel,m,hand_line,fish
11,03,0.5,none,0.1333333333333333,1205bf41-13d7-4421-b564-4a77c527cd17,salani,,Melanúria timoneira,Gerres longirostris,Gerreidae,bony fish,fish,1.0,13022023NHMUB01,nhamua,m,fence_trap,fish
280,03,0.5,none,,f5769b1d-ab41-4ec3-9364-13194af91f08,salani,,Melanúria timoneira,Gerres longirostris,Gerreidae,bony fish,fish,1.0,19022023ILHB05,ilha,m,hand_line,fish
30,03,0.5,none,0.5,c440707b-35aa-4bca-abca-50c81f169c89,salani,,Melanúria timoneira,Gerres longirostris,Gerreidae,bony fish,fish,1.0,15022023JOSB01,josina_machel,m,gill_net,fish
77,03,0.5,none,0.3333333333333333,fb35740b-c147-41b7-b604-35eed1bf5c77,salani,,Melanúria timoneira,Gerres longirostris,Gerreidae,bony fish,fish,1.0,04022023CHAB08,chamane,m,shrimp_net,shrimp_net
273,03,0.5,none,,8423da8b-88cf-49f4-8723-5e442b776d59,salani,,Melanúria timoneira,Gerres longirostris,Gerreidae,bony fish,fish,1.0,18022023ILHB01,ilha,m,fence_trap,fish
50,03,0.5,none,0.3333333333333333,d4d143b4-de71-42bd-be9e-b42bcadd5863,salani,,Melanúria timoneira,Gerres longirostris,Gerreidae,bony fish,fish,1.0,04022023CHAB03,chamane,m,hand_line,fish
51,03,0.5,none,0.3333333333333333,d4d143b4-de71-42bd-be9e-b42bcadd5863,salani,,Melanúria timoneira,Gerres longirostris,Gerreidae,bony fish,fish,1.0,04022023CHAB03,chamane,m,shrimp_net,shrimp_net
69,03,0.5,none,0.3333333333333333,6b249316-c1e7-4f4f-a49f-435e11af63a2,salani,,Melanúria timoneira,Gerres longirostris,Gerreidae,bony fish,fish,1.0,04022023CHAB07,chamane,m,gill_net,fish
71,03,0.5,none,0.3333333333333333,6b249316-c1e7-4f4f-a49f-435e11af63a2,salani,,Melanúria timoneira,Gerres longirostris,Gerreidae,bony fish,fish,1.0,04022023CHAB07,chamane,m,glean,glean
70,03,0.5,none,0.3333333333333333,6b249316-c1e7-4f4f-a49f-435e11af63a2,salani,,Melanúria timoneira,Gerres longirostris,Gerreidae,bony fish,fish,1.0,04022023CHAB07,chamane,m,shrimp_net,shrimp_net
201,04,3.0,high,0.1,8407b1b2-9c62-4161-a560-a8c8415ca76a,pata,dzipata,peixe zebras,Terapon jarbua,Teraponidae,bony fish,fish,1.0,08022023MADB06,madava,m,gill_net,fish
155,04,3.0,high,0.2,cc36442d-39f0-46d9-996a-421e2a247b36,pata,dzipata,peixe zebras,Terapon jarbua,Teraponidae,bony fish,fish,1.0,09022023NHMPB01,nhampossa,m,basket_trap,fish
217,04,3.0,high,0.3333333333333333,ba1de70c-3350-4192-9540-077338da9ce6,pata,dzipata,peixe zebras,Terapon jarbua,Teraponidae,bony fish,fish,1.0,17022023NHCHB05,nhamaxaxa,m,hand_line,fish
231,04,3.0,high,0.6666666666666666,a6e2b0b2-8d88-42c8-b600-7b0619713312,pata,dzipata,peixe zebras,Terapon jarbua,Teraponidae,bony fish,fish,1.0,04032023NGUB01,nguja,m,hand_line,fish
224,06,2.5,mod,0.5,f1ab0d58-a047-4854-9fab-5639a38d0919,gigulula,sigulula,esparo,Crenidens crenidens,Sparidae,bony fish,fish,1.0,14022023SAHB02,sahane,m,hand_line,fish
10,06,2.5,mod,0.1666666666666666,1205bf41-13d7-4421-b564-4a77c527cd17,gigulula,sigulula,esparo,Crenidens crenidens,Sparidae,bony fish,fish,1.0,13022023NHMUB01,nhamua,m,fence_trap,fish
39,06,2.5,mod,0.1666666666666666,e6132e33-e9f3-45ea-a5cf-7d565844a22c,gigulula,sigulula,esparo,Crenidens crenidens,Sparidae,bony fish,fish,1.0,15022023JOSB06,josina_machel,m,hand_line,fish
31,06,2.5,mod,0.5,c440707b-35aa-4bca-abca-50c81f169c89,gigulula,sigulula,esparo,Crenidens crenidens,Sparidae,bony fish,fish,1.0,15022023JOSB01,josina_machel,m,gill_net,fish
146,06,2.5,mod,0.0333333333333333,72b20ec3-78b0-44b1-8f62-06504a26e4c5,gigulula,sigulula,esparo,Crenidens crenidens,Sparidae,bony fish,fish,1.0,31012023MUCB06,mucucune,m,gill_net,fish
164,06,2.5,mod,0.0666666666666666,caac8748-ebed-413c-a5d2-a635b5bd8932,gigulula,sigulula,esparo,Crenidens crenidens,Sparidae,bony fish,fish,1.0,09022023NHMPB04,nhampossa,m,fence_trap,fish
116,06,2.5,mod,0.3,c4bf73af-5f99-4b43-abd8-9373a369c415,gigulula,sigulula,esparo,Crenidens crenidens,Sparidae,bony fish,fish,1.0,02022023MARB07,marrambone,m,gill_net,fish
130,06,2.5,mod,0.1333333333333333,b1aecc22-d28c-4728-9c70-966d76a26e88,gigulula,sigulula,esparo,Crenidens crenidens,Sparidae,bony fish,fish,1.0,31012023MUB02,mucucune,m,fence_trap,fish
98,06,2.5,mod,0.0666666666666666,fa135abb-d0cf-4f86-81fa-d786fd8a957a,gigulula,sigulula,esparo,Crenidens crenidens,Sparidae,bony fish,fish,1.0,02022023MARB04,marrambone,f,shrimp_net,shrimp_net
99,06,2.5,mod,0.0666666666666666,fa135abb-d0cf-4f86-81fa-d786fd8a957a,gigulula,sigulula,esparo,Crenidens crenidens,Sparidae,bony fish,fish,1.0,02022023MARB04,marrambone,f,gill_net,fish
281,06,2.5,mod,0.3666666666666666,f5769b1d-ab41-4ec3-9364-13194af91f08,gigulula,sigulula,esparo,Crenidens crenidens,Sparidae,bony fish,fish,1.0,19022023ILHB05,ilha,m,hand_line,fish
156,06,2.5,mod,0.2333333333333333,a00016e0-0782-4f50-a9a8-4a5e202f5c50,gigulula,sigulula,esparo,Crenidens crenidens,Sparidae,bony fish,fish,1.0,09022023NHMPB02,nhampossa,m,gill_net,fish
106,06,2.5,mod,0.1333333333333333,e8d84b41-6838-4a4d-b98d-66385c122993,gigulula,sigulula,esparo,Crenidens crenidens,Sparidae,bony fish,fish,1.0,02022023MARB05,marrambone,m,fence_trap,fish
125,06,2.5,mod,0.0666666666666666,47619fa4-71bc-4eef-b706-4e52c3cd7db8,gigulula,sigulula,esparo,Crenidens crenidens,Sparidae,bony fish,fish,1.0,31012023MUCB01,mucucune,m,basket_trap,fish
97,06,2.5,mod,0.0666666666666666,fa135abb-d0cf-4f86-81fa-d786fd8a957a,gigulula,sigulula,esparo,Crenidens crenidens,Sparidae,bony fish,fish,1.0,02022023MARB04,marrambone,f,glean,glean
16,07,0.0,none,0.1666666666666666,310a5eff-b95e-4979-a0dd-c98a7703f436,nhambulungue,,carapau,Caranginae,Caranginae,bony fish,fish,1.0,13022023NHMUB03,nhamua,m,gill_net,fish
179,07,0.0,none,0.1428333333333333,be5b94c1-65c2-44dc-af3c-8a0c1f35f055,nhambulungue,,carapau,Caranginae,Caranginae,bony fish,fish,1.0,08022023MADB02,madava,m,drag_net,fish
17,07,0.0,none,0.1666666666666666,310a5eff-b95e-4979-a0dd-c98a7703f436,nhambulungue,,carapau,Caranginae,Caranginae,bony fish,fish,1.0,13022023NHMUB03,nhamua,m,glean,glean
28,07,0.0,none,0.1666666666666666,0d25df79-dc4d-42aa-9bc9-3b705d683d68,nhambulungue,,carapau,Caranginae,Caranginae,bony fish,fish,1.0,16022023NHMUB06,nhamua,m,gill_net,fish
8,07,0.0,none,0.1333333333333333,1205bf41-13d7-4421-b564-4a77c527cd17,nhambulungue,,carapau,Caranginae,Caranginae,bony fish,fish,1.0,13022023NHMUB01,nhamua,m,fence_trap,fish
5,07,0.0,none,1.0,8b4320ee-bf8d-4616-b0bc-d8bc33e9cc99,nhambulungue,,carapau,Caranginae,Caranginae,bony fish,fish,1.0,16022023NHMUB07,nhamua,m,gill_net,fish
267,10,0.0,none,0.6,275be6f1-5e39-4787-a0f6-e532bee2ef83,tsava,dzitsava,cavala,Rastrellinger kanagurta,Scombridae,bony fish,fish,1.0,01022023MORB07,morrumbene,m,drag_net,fish
263,10,0.0,none,0.1666666666666666,b4a29a62-c0e1-40fd-835b-a134449801ca,tsava,dzitsava,cavala,Rastrellinger kanagurta,Scombridae,bony fish,fish,1.0,O1O22023MOR06,morrumbene,m,drag_net,fish
259,10,0.0,none,0.2,d92b97c0-4a75-4f45-9115-4cb6ac9109ad,tsava,dzitsava,cavala,Rastrellinger kanagurta,Scombridae,bony fish,fish,1.0,01022023MORBO5,morrumbene,m,fence_trap,fish
255,10,0.0,none,0.2666666666666666,943aa64d-7c5c-4594-944e-529e0b325617,tsava,dzitsava,cavala,Rastrellinger kanagurta,Scombridae,bony fish,fish,1.0,01022023MOR04,morrumbene,f,glean,glean
268,10,0.0,none,0.6,275be6f1-5e39-4787-a0f6-e532bee2ef83,tsava,dzitsava,cavala,Rastrellinger kanagurta,Scombridae,bony fish,fish,1.0,01022023MORB07,morrumbene,m,glean,glean
178,11,0.0,none,0.1428333333333333,be5b94c1-65c2-44dc-af3c-8a0c1f35f055,kobo,,sardinhas,Amblygaster sirm,Dorosomatidae,bony fish,fish,1.0,08022023MADB02,madava,m,drag_net,fish
285,11,0.0,none,1.0,66a27df6-476b-4917-8244-24e557b34ede,kobo,,sardinhas,Amblygaster sirm,Dorosomatidae,bony fish,fish,1.0,19022023ILHB07,ilha,m,gill_net,fish
289,50,3.0,high,0.2,217d4e9d-94cc-407a-9aaf-9dabfa977971,ndrolo,dzindrolo,Caranguejo,Portunus pelagicus,Portunidae,crustacean,crabs,1.0,24012023CUGB01,kuguana,m,drag_net,fish
227,50,3.0,high,1.0,b5c8d980-c4f9-408d-93d1-0b4dad9a664c,ndrolo,dzindrolo,Caranguejo,Portunus pelagicus,Portunidae,crustacean,crabs,1.0,14022023SAHB05,sahane,f,glean,glean
160,50,3.0,high,0.3,1469e0fd-0691-405e-b1e8-c144e854fbb7,ndrolo,dzindrolo,Caranguejo,Portunus pelagicus,Portunidae,crustacean,crabs,1.0,09022023NHMPB03,nhampossa,f,shrimp_net,shrimp_net
165,50,3.0,high,0.4666666666666667,caac8748-ebed-413c-a5d2-a635b5bd8932,ndrolo,dzindrolo,Caranguejo,Portunus pelagicus,Portunidae,crustacean,crabs,1.0,09022023NHMPB04,nhampossa,m,fence_trap,fish
311,50,3.0,high,0.2333333333333333,454f8afd-86aa-4418-80e3-4e1ccb572b8c,ndrolo,dzindrolo,Caranguejo,Portunus pelagicus,Portunidae,crustacean,crabs,1.0,07022023CUGB06,kuguana,m,fence_trap,fish
233,50,3.0,high,0.3333333333333333,dc97eb44-cd78-4a2c-88bb-90d04851de2c,ndrolo,dzindrolo,Caranguejo,Portunus pelagicus,Portunidae,crustacean,crabs,1.0,04032023NGUB03,nguja,f,glean,glean
169,50,3.0,high,0.3333333333333333,a9325c3b-f81d-431a-9628-6b0b57ede5e3,ndrolo,dzindrolo,Caranguejo,Portunus pelagicus,Portunidae,crustacean,crabs,1.0,09022023NHMPB05,nhampossa,f,gill_net,fish
282,50,3.0,high,1.0,c0927898-6afe-4a7f-98d1-4ec395b0e647,ndrolo,dzindrolo,Caranguejo,Portunus pelagicus,Portunidae,crustacean,crabs,1.0,1902023ILHB06,ilha,f,glean,glean
183,50,3.0,high,0.1333333333333333,719608f1-9b88-42cc-b983-888cd656656a,ndrolo,dzindrolo,Caranguejo,Portunus pelagicus,Portunidae,crustacean,crabs,1.0,08022023MADB04,madava,f,shrimp_net,shrimp_net
232,50,3.0,high,1.0,a9702bf4-6440-4e06-9f33-8f26a998afd3,ndrolo,dzindrolo,Caranguejo,Portunus pelagicus,Portunidae,crustacean,crabs,1.0,04032023NGUB02,nguja,f,glean,glean
184,50,3.0,high,0.1333333333333333,719608f1-9b88-42cc-b983-888cd656656a,ndrolo,dzindrolo,Caranguejo,Portunus pelagicus,Portunidae,crustacean,crabs,1.0,08022023MADB04,madava,f,glean,glean
260,50,3.0,high,0.2333333333333333,d92b97c0-4a75-4f45-9115-4cb6ac9109ad,ndrolo,dzindrolo,Caranguejo,Portunus pelagicus,Portunidae,crustacean,crabs,1.0,01022023MORBO5,morrumbene,m,fence_trap,fish
193,50,3.0,high,0.2333333333333333,6aff3bd5-1d7f-4dfc-a530-7fd33a3b1432,ndrolo,dzindrolo,Caranguejo,Portunus pelagicus,Portunidae,crustacean,crabs,1.0,08022023MADB05,madava,m,gill_net,fish
198,50,3.0,high,0.1333333333333333,8407b1b2-9c62-4161-a560-a8c8415ca76a,ndrolo,dzindrolo,Caranguejo,Portunus pelagicus,Portunidae,crustacean,crabs,1.0,08022023MADB06,madava,m,gill_net,fish
257,50,3.0,high,0.2666666666666666,943aa64d-7c5c-4594-944e-529e0b325617,ndrolo,dzindrolo,Caranguejo,Portunus pelagicus,Portunidae,crustacean,crabs,1.0,01022023MOR04,morrumbene,f,glean,glean
243,50,3.0,high,0.1666666666666666,04827c1d-3bba-4bcb-a8be-1af1c071e30f,ndrolo,dzindrolo,Caranguejo,Portunus pelagicus,Portunidae,crustacean,crabs,1.0,01022023MORB02,morrumbene,f,glean,glean
242,50,3.0,high,0.1666666666666666,04827c1d-3bba-4bcb-a8be-1af1c071e30f,ndrolo,dzindrolo,Caranguejo,Portunus pelagicus,Portunidae,crustacean,crabs,1.0,01022023MORB02,morrumbene,f,shrimp_net,shrimp_net
283,50,3.0,high,1.0,c0927898-6afe-4a7f-98d1-4ec395b0e647,ndrolo,dzindrolo,Caranguejo,Portunus pelagicus,Portunidae,crustacean,crabs,1.0,1902023ILHB06,ilha,f,shrimp_net,shrimp_net
225,50,3.0,high,1.0,2dd5e1ed-eeed-47b2-827d-a0705fc23c7a,ndrolo,dzindrolo,Caranguejo,Portunus pelagicus,Portunidae,crustacean,crabs,1.0,14022023SAHB03,sahane,f,glean,glean
0,50,3.0,high,0.3333333333333333,5242b473-cb0e-43ec-bc8f-6e626f4ee1d3,ndrolo,dzindrolo,Caranguejo,Portunus pelagicus,Portunidae,crustacean,crabs,1.0,13022023NHAMUB02,nhamua,f,glean,glean
153,50,3.0,high,0.2,615838ac-55f5-4537-ba76-fecefaddd226,ndrolo,dzindrolo,Caranguejo,Portunus pelagicus,Portunidae,crustacean,crabs,1.0,31012023MUCB08,mucucune,f,shrimp_net,shrimp_net
108,50,3.0,high,0.1333333333333333,e8d84b41-6838-4a4d-b98d-66385c122993,ndrolo,dzindrolo,Caranguejo,Portunus pelagicus,Portunidae,crustacean,crabs,1.0,02022023MARB05,marrambone,m,fence_trap,fish
32,50,3.0,high,1.0,c970df6e-cd2f-4068-a322-0f4b0018e5f5,ndrolo,dzindrolo,Caranguejo,Portunus pelagicus,Portunidae,crustacean,crabs,1.0,15022023JOSB02,josina_machel,m,diving,fish
126,50,3.0,high,0.4333333333333333,47619fa4-71bc-4eef-b706-4e52c3cd7db8,ndrolo,dzindrolo,Caranguejo,Portunus pelagicus,Portunidae,crustacean,crabs,1.0,31012023MUCB01,mucucune,m,basket_trap,fish
131,50,3.0,high,0.4666666666666667,b1aecc22-d28c-4728-9c70-966d76a26e88,ndrolo,dzindrolo,Caranguejo,Portunus pelagicus,Portunidae,crustacean,crabs,1.0,31012023MUB02,mucucune,m,fence_trap,fish
19,50,3.0,high,0.1666666666666666,310a5eff-b95e-4979-a0dd-c98a7703f436,ndrolo,dzindrolo,Caranguejo,Portunus pelagicus,Portunidae,crustacean,crabs,1.0,13022023NHMUB03,nhamua,m,glean,glean
132,50,3.0,high,0.3333333333333333,84267d00-7c2a-415c-b15e-d1f3a08a24ea,ndrolo,dzindrolo,Caranguejo,Portunus pelagicus,Portunidae,crustacean,crabs,1.0,31012023MUCB03,mucucune,f,glean,glean
18,50,3.0,high,0.1666666666666666,310a5eff-b95e-4979-a0dd-c98a7703f436,ndrolo,dzindrolo,Caranguejo,Portunus pelagicus,Portunidae,crustacean,crabs,1.0,13022023NHMUB03,nhamua,m,gill_net,fish
9,50,3.0,high,0.1,1205bf41-13d7-4421-b564-4a77c527cd17,ndrolo,dzindrolo,Caranguejo,Portunus pelagicus,Portunidae,crustacean,crabs,1.0,13022023NHMUB01,nhamua,m,fence_trap,fish
135,50,3.0,high,0.4666666666666667,668fcae1-2e89-417d-b2f7-cca29ae88fcf,ndrolo,dzindrolo,Caranguejo,Portunus pelagicus,Portunidae,crustacean,crabs,1.0,31012023MUCB04,mucucune,f,glean,glean
33,50,3.0,high,1.0,c970df6e-cd2f-4068-a322-0f4b0018e5f5,ndrolo,dzindrolo,Caranguejo,Portunus pelagicus,Portunidae,crustacean,crabs,1.0,15022023JOSB02,josina_machel,m,glean,glean
40,50,3.0,high,0.1333333333333333,e6132e33-e9f3-45ea-a5cf-7d565844a22c,ndrolo,dzindrolo,Caranguejo,Portunus pelagicus,Portunidae,crustacean,crabs,1.0,15022023JOSB06,josina_machel,m,hand_line,fish
34,50,3.0,high,1.0,3e185060-4034-4ece-9bd3-fa7aad0a4c83,ndrolo,dzindrolo,Caranguejo,Portunus pelagicus,Portunidae,crustacean,crabs,1.0,15022023JOSB03,josina_machel,m,glean,glean
56,50,3.0,high,0.2666666666666666,7dc8a846-da63-495f-815e-10c1c4b6720d,ndrolo,dzindrolo,Caranguejo,Portunus pelagicus,Portunidae,crustacean,crabs,1.0,04022023CHAB04,chamane,f,shrimp_net,shrimp_net
60,50,3.0,high,0.2333333333333333,7793fa9e-5754-44f7-a642-e8e243e6ff55,ndrolo,dzindrolo,Caranguejo,Portunus pelagicus,Portunidae,crustacean,crabs,1.0,04022023CHAB05,chamane,m,shrimp_net,shrimp_net
151,50,3.0,high,0.4666666666666667,a744e3c9-d3d2-4588-b6cd-900a3f4f4286,ndrolo,dzindrolo,Caranguejo,Portunus pelagicus,Portunidae,crustacean,crabs,1.0,31012023MUCB07,mucucune,f,shrimp_net,shrimp_net
81,50,3.0,high,0.2666666666666666,786726d4-2b8e-46a0-ab5f-1339cbe1ab7b,ndrolo,dzindrolo,Caranguejo,Portunus pelagicus,Portunidae,crustacean,crabs,1.0,26012023MARB01,marrambone,f,shrimp_net,shrimp_net
83,50,3.0,high,0.5,6e76bb44-7881-4dfe-aff2-019452e7f1ef,ndrolo,dzindrolo,Caranguejo,Portunus pelagicus,Portunidae,crustacean,crabs,1.0,02022023MARB02,marrambone,f,glean,glean
84,50,3.0,high,0.5,6e76bb44-7881-4dfe-aff2-019452e7f1ef,ndrolo,dzindrolo,Caranguejo,Portunus pelagicus,Portunidae,crustacean,crabs,1.0,02022023MARB02,marrambone,f,shrimp_net,shrimp_net
141,50,3.0,high,0.25,942decee-217f-4b36-be4c-3948ed7665d0,ndrolo,dzindrolo,Caranguejo,Portunus pelagicus,Portunidae,crustacean,crabs,1.0,31012023MUCB05,mucucune,m,hand_line,fish
44,50,3.0,high,1.0,21b02f45-d7ae-4f05-9a52-89dad34349af,ndrolo,dzindrolo,Caranguejo,Portunus pelagicus,Portunidae,crustacean,crabs,1.0,04022023CHAB01,chamane,m,glean,glean
117,50,3.0,high,0.0666666666666666,c4bf73af-5f99-4b43-abd8-9373a369c415,ndrolo,dzindrolo,Caranguejo,Portunus pelagicus,Portunidae,crustacean,crabs,1.0,02022023MARB07,marrambone,m,gill_net,fish
42,50,3.0,high,0.6666666666666666,59848ba5-82a3-4de3-b546-44d37605c0d9,ndrolo,dzindrolo,Caranguejo,Portunus pelagicus,Portunidae,crustacean,crabs,1.0,15022023JOSB07,josina_machel,m,diving,fish
147,50,3.0,high,0.3,72b20ec3-78b0-44b1-8f62-06504a26e4c5,ndrolo,dzindrolo,Caranguejo,Portunus pelagicus,Portunidae,crustacean,crabs,1.0,31012023MUCB06,mucucune,m,gill_net,fish
205,52,0.0,none,0.3333333333333333,1436c090-ffc1-44f1-8a1f-115e2164b9b1,gihologo,sihologo,Santola,Scylla serrata ,Portunidae,crustacean,crabs,1.0,08022023MADB08,madava,f,glean,glean
312,52,0.0,none,0.2,454f8afd-86aa-4418-80e3-4e1ccb572b8c,gihologo,sihologo,Santola,Scylla serrata ,Portunidae,crustacean,crabs,1.0,07022023CUGB06,kuguana,m,fence_trap,fish
261,52,0.0,none,0.1666666666666666,d92b97c0-4a75-4f45-9115-4cb6ac9109ad,gihologo,sihologo,Santola,Scylla serrata ,Portunidae,crustacean,crabs,1.0,01022023MORBO5,morrumbene,m,fence_trap,fish
180,52,0.0,none,0.2666666666666666,632655b3-8586-4c96-bf14-73c3ddeea90e,gihologo,sihologo,Santola,Scylla serrata ,Portunidae,crustacean,crabs,1.0,08022023MADB03,madava,m,fence_trap,fish
204,52,0.0,none,0.3333333333333333,1436c090-ffc1-44f1-8a1f-115e2164b9b1,gihologo,sihologo,Santola,Scylla serrata ,Portunidae,crustacean,crabs,1.0,08022023MADB08,madava,f,shrimp_net,shrimp_net
194,52,0.0,none,0.2333333333333333,6aff3bd5-1d7f-4dfc-a530-7fd33a3b1432,gihologo,sihologo,Santola,Scylla serrata ,Portunidae,crustacean,crabs,1.0,08022023MADB05,madava,m,gill_net,fish
172,52,0.0,none,0.5333333333333333,e12a739b-ed4a-4ff7-94db-d034a066dd23,gihologo,sihologo,Santola,Scylla serrata ,Portunidae,crustacean,crabs,1.0,08022023MADB01,madava,f,fence_trap,fish
171,52,0.0,none,0.5333333333333333,e12a739b-ed4a-4ff7-94db-d034a066dd23,gihologo,sihologo,Santola,Scylla serrata ,Portunidae,crustacean,crabs,1.0,08022023MADB01,madava,f,shrimp_net,shrimp_net
185,52,0.0,none,0.1333333333333333,719608f1-9b88-42cc-b983-888cd656656a,gihologo,sihologo,Santola,Scylla serrata ,Portunidae,crustacean,crabs,1.0,08022023MADB04,madava,f,shrimp_net,shrimp_net
186,52,0.0,none,0.1333333333333333,719608f1-9b88-42cc-b983-888cd656656a,gihologo,sihologo,Santola,Scylla serrata ,Portunidae,crustacean,crabs,1.0,08022023MADB04,madava,f,glean,glean
214,52,0.0,none,0.7,8719e18a-7160-440e-884e-330fdba6d7a1,gihologo,sihologo,Santola,Scylla serrata ,Portunidae,crustacean,crabs,1.0,17022023NHCHB02,nhamaxaxa,f,glean,glean
264,52,0.0,none,0.1333333333333333,b4a29a62-c0e1-40fd-835b-a134449801ca,gihologo,sihologo,Santola,Scylla serrata ,Portunidae,crustacean,crabs,1.0,O1O22023MOR06,morrumbene,m,drag_net,fish
199,53,0.0,none,0.2333333333333333,8407b1b2-9c62-4161-a560-a8c8415ca76a,lisaba,masaba,Camarao tigre gigante,Penaeus monodon,Penaeidae,crustacean,prawns,1.0,08022023MADB06,madava,m,gill_net,fish
287,53,0.0,none,0.1666666666666666,217d4e9d-94cc-407a-9aaf-9dabfa977971,lisaba,masaba,Camarao tigre gigante,Penaeus monodon,Penaeidae,crustacean,prawns,1.0,24012023CUGB01,kuguana,m,drag_net,fish
181,53,0.0,none,0.2333333333333333,632655b3-8586-4c96-bf14-73c3ddeea90e,lisaba,masaba,Camarao tigre gigante,Penaeus monodon,Penaeidae,crustacean,prawns,1.0,08022023MADB03,madava,m,fence_trap,fish
313,53,0.0,none,0.2333333333333333,454f8afd-86aa-4418-80e3-4e1ccb572b8c,lisaba,masaba,Camarao tigre gigante,Penaeus monodon,Penaeidae,crustacean,prawns,1.0,07022023CUGB06,kuguana,m,fence_trap,fish
299,53,0.0,none,0.3666666666666666,412ebe42-d0ab-49cd-a390-790fb5dd06a9,lisaba,masaba,Camarao tigre gigante,Penaeus monodon,Penaeidae,crustacean,prawns,1.0,24012023CUGB02,kuguana,m,gill_net,fish
298,53,0.0,none,0.3666666666666666,412ebe42-d0ab-49cd-a390-790fb5dd06a9,lisaba,masaba,Camarao tigre gigante,Penaeus monodon,Penaeidae,crustacean,prawns,1.0,24012023CUGB02,kuguana,m,glean,glean
297,53,0.0,none,0.3666666666666666,412ebe42-d0ab-49cd-a390-790fb5dd06a9,lisaba,masaba,Camarao tigre gigante,Penaeus monodon,Penaeidae,crustacean,prawns,1.0,24012023CUGB02,kuguana,m,shrimp_net,shrimp_net
315,53,0.0,none,0.3666666666666666,1dfbdb30-77d7-4a1e-aaf1-2a5bccccfb75,lisaba,masaba,Camarao tigre gigante,Penaeus monodon,Penaeidae,crustacean,prawns,1.0,07022023CUGB07,kuguana,m,fence_trap,fish
308,53,0.0,none,0.2666666666666666,368b8b4c-a618-434a-8ebe-7f7fa8c143fc,lisaba,masaba,Camarao tigre gigante,Penaeus monodon,Penaeidae,crustacean,prawns,1.0,07022023CUGB05,kuguana,m,drag_net,fish
265,54,1.0,low,0.3,b4a29a62-c0e1-40fd-835b-a134449801ca,honho,mihonho,Lula,Loliginidae,Loliginidae,cephlopod,cephlopods,1.0,O1O22023MOR06,morrumbene,m,drag_net,fish
309,55,3.0,high,0.4666666666666667,368b8b4c-a618-434a-8ebe-7f7fa8c143fc,gudua,,Choco,Sepiidae,Sepiidae,cephlopod,cephlopods,1.0,07022023CUGB05,kuguana,m,drag_net,fish
290,55,3.0,high,0.1666666666666666,217d4e9d-94cc-407a-9aaf-9dabfa977971,gudua,,Choco,Sepiidae,Sepiidae,cephlopod,cephlopods,1.0,24012023CUGB01,kuguana,m,drag_net,fish
316,55,3.0,high,0.3333333333333333,1dfbdb30-77d7-4a1e-aaf1-2a5bccccfb75,gudua,,Choco,Sepiidae,Sepiidae,cephlopod,cephlopods,1.0,07022023CUGB07,kuguana,m,fence_trap,fish
248,56,1.5,mod,0.1666666666666666,f33778b3-3301-4691-80c6-68692988559b,lipandzi,mavbandzi,Camarao,Penaeidae,Penaeidae,crustacean,prawns,1.0,01022023MORB03,morrumbene,f,shrimp_net,shrimp_net
310,56,1.5,mod,0.2666666666666666,368b8b4c-a618-434a-8ebe-7f7fa8c143fc,lipandzi,mavbandzi,Camarao,Penaeidae,Penaeidae,crustacean,prawns,1.0,07022023CUGB05,kuguana,m,drag_net,fish
52,56,1.5,mod,0.3,d4d143b4-de71-42bd-be9e-b42bcadd5863,lipandzi,mavbandzi,Camarao,Penaeidae,Penaeidae,crustacean,prawns,1.0,04022023CHAB03,chamane,m,hand_line,fish
53,56,1.5,mod,0.3,d4d143b4-de71-42bd-be9e-b42bcadd5863,lipandzi,mavbandzi,Camarao,Penaeidae,Penaeidae,crustacean,prawns,1.0,04022023CHAB03,chamane,m,shrimp_net,shrimp_net
256,56,1.5,mod,0.2,943aa64d-7c5c-4594-944e-529e0b325617,lipandzi,mavbandzi,Camarao,Penaeidae,Penaeidae,crustacean,prawns,1.0,01022023MOR04,morrumbene,f,glean,glean
57,56,1.5,mod,0.1666666666666666,7dc8a846-da63-495f-815e-10c1c4b6720d,lipandzi,mavbandzi,Camarao,Penaeidae,Penaeidae,crustacean,prawns,1.0,04022023CHAB04,chamane,f,shrimp_net,shrimp_net
240,56,1.5,mod,0.3666666666666666,04827c1d-3bba-4bcb-a8be-1af1c071e30f,lipandzi,mavbandzi,Camarao,Penaeidae,Penaeidae,crustacean,prawns,1.0,01022023MORB02,morrumbene,f,shrimp_net,shrimp_net
241,56,1.5,mod,0.3666666666666666,04827c1d-3bba-4bcb-a8be-1af1c071e30f,lipandzi,mavbandzi,Camarao,Penaeidae,Penaeidae,crustacean,prawns,1.0,01022023MORB02,morrumbene,f,glean,glean
249,56,1.5,mod,0.1666666666666666,f33778b3-3301-4691-80c6-68692988559b,lipandzi,mavbandzi,Camarao,Penaeidae,Penaeidae,crustacean,prawns,1.0,01022023MORB03,morrumbene,f,glean,glean
314,56,1.5,mod,0.3333333333333333,454f8afd-86aa-4418-80e3-4e1ccb572b8c,lipandzi,mavbandzi,Camarao,Penaeidae,Penaeidae,crustacean,prawns,1.0,07022023CUGB06,kuguana,m,fence_trap,fish
317,56,1.5,mod,0.3,1dfbdb30-77d7-4a1e-aaf1-2a5bccccfb75,lipandzi,mavbandzi,Camarao,Penaeidae,Penaeidae,crustacean,prawns,1.0,07022023CUGB07,kuguana,m,fence_trap,fish
239,56,1.5,mod,1.0,5bf5b760-0855-442e-8ccf-d32db9f09235,lipandzi,mavbandzi,Camarao,Penaeidae,Penaeidae,crustacean,prawns,1.0,01022023MORB01,morrumbene,m,shrimp_net,shrimp_net
20,56,1.5,mod,0.1666666666666666,310a5eff-b95e-4979-a0dd-c98a7703f436,lipandzi,mavbandzi,Camarao,Penaeidae,Penaeidae,crustacean,prawns,1.0,13022023NHMUB03,nhamua,m,gill_net,fish
304,56,1.5,mod,0.3,074701a4-86f2-4beb-a67e-b12fc841f7fe,lipandzi,mavbandzi,Camarao,Penaeidae,Penaeidae,crustacean,prawns,1.0,07022023CUGB04,kuguana,f,shrimp_net,shrimp_net
305,56,1.5,mod,0.3,074701a4-86f2-4beb-a67e-b12fc841f7fe,lipandzi,mavbandzi,Camarao,Penaeidae,Penaeidae,crustacean,prawns,1.0,07022023CUGB04,kuguana,f,drag_net,fish
238,56,1.5,mod,1.0,c07b295a-d4ce-4f79-b7c1-c11f284e02c4,lipandzi,mavbandzi,Camarao,Penaeidae,Penaeidae,crustacean,prawns,1.0,04032023NGUB08,nguja,f,shrimp_net,shrimp_net
21,56,1.5,mod,0.1666666666666666,310a5eff-b95e-4979-a0dd-c98a7703f436,lipandzi,mavbandzi,Camarao,Penaeidae,Penaeidae,crustacean,prawns,1.0,13022023NHMUB03,nhamua,m,glean,glean
26,56,1.5,mod,1.0,4baf4004-6764-4530-a467-07a85d6231ee,lipandzi,mavbandzi,Camarao,Penaeidae,Penaeidae,crustacean,prawns,1.0,16022023NHMUB04,nhamua,f,shrimp_net,shrimp_net
29,56,1.5,mod,1.0,84c51f1a-1d76-4548-b5d1-2ff016fdff3c,lipandzi,mavbandzi,Camarao,Penaeidae,Penaeidae,crustacean,prawns,1.0,16022023NHMUB08,nhamua,f,shrimp_net,shrimp_net
291,56,1.5,mod,0.3333333333333333,412ebe42-d0ab-49cd-a390-790fb5dd06a9,lipandzi,mavbandzi,Camarao,Penaeidae,Penaeidae,crustacean,prawns,1.0,24012023CUGB02,kuguana,m,shrimp_net,shrimp_net
276,56,1.5,mod,,b16133a3-e0e9-4edf-8a63-f5fd5cde5cd1,lipandzi,mavbandzi,Camarao,Penaeidae,Penaeidae,crustacean,prawns,1.0,18022023ILHB02,ilha,f,glean,glean
292,56,1.5,mod,0.3333333333333333,412ebe42-d0ab-49cd-a390-790fb5dd06a9,lipandzi,mavbandzi,Camarao,Penaeidae,Penaeidae,crustacean,prawns,1.0,24012023CUGB02,kuguana,m,glean,glean
41,56,1.5,mod,0.3,e6132e33-e9f3-45ea-a5cf-7d565844a22c,lipandzi,mavbandzi,Camarao,Penaeidae,Penaeidae,crustacean,prawns,1.0,15022023JOSB06,josina_machel,m,hand_line,fish
275,56,1.5,mod,,b16133a3-e0e9-4edf-8a63-f5fd5cde5cd1,lipandzi,mavbandzi,Camarao,Penaeidae,Penaeidae,crustacean,prawns,1.0,18022023ILHB02,ilha,f,shrimp_net,shrimp_net
35,56,1.5,mod,1.0,37446c9d-41b8-4942-8a68-e30fce638745,lipandzi,mavbandzi,Camarao,Penaeidae,Penaeidae,crustacean,prawns,1.0,15022023JOSB04,josina_machel,m,shrimp_net,shrimp_net
270,56,1.5,mod,0.4,275be6f1-5e39-4787-a0f6-e532bee2ef83,lipandzi,mavbandzi,Camarao,Penaeidae,Penaeidae,crustacean,prawns,1.0,01022023MORB07,morrumbene,m,glean,glean
269,56,1.5,mod,0.4,275be6f1-5e39-4787-a0f6-e532bee2ef83,lipandzi,mavbandzi,Camarao,Penaeidae,Penaeidae,crustacean,prawns,1.0,01022023MORB07,morrumbene,m,drag_net,fish
36,56,1.5,mod,1.0,339c9818-8caa-4798-9a51-85ba26bc71c3,lipandzi,mavbandzi,Camarao,Penaeidae,Penaeidae,crustacean,prawns,1.0,15022023JOSB05,josina_machel,f,shrimp_net,shrimp_net
301,56,1.5,mod,0.6333333333333333,f24eae6e-daf3-4cb3-bc7f-4c8139f8238b,lipandzi,mavbandzi,Camarao,Penaeidae,Penaeidae,crustacean,prawns,1.0,07022023CUGB03,kuguana,f,glean,glean
266,56,1.5,mod,0.2,b4a29a62-c0e1-40fd-835b-a134449801ca,lipandzi,mavbandzi,Camarao,Penaeidae,Penaeidae,crustacean,prawns,1.0,O1O22023MOR06,morrumbene,m,drag_net,fish
288,56,1.5,mod,0.3,217d4e9d-94cc-407a-9aaf-9dabfa977971,lipandzi,mavbandzi,Camarao,Penaeidae,Penaeidae,crustacean,prawns,1.0,24012023CUGB01,kuguana,m,drag_net,fish
293,56,1.5,mod,0.3333333333333333,412ebe42-d0ab-49cd-a390-790fb5dd06a9,lipandzi,mavbandzi,Camarao,Penaeidae,Penaeidae,crustacean,prawns,1.0,24012023CUGB02,kuguana,m,gill_net,fish
154,56,1.5,mod,0.8,615838ac-55f5-4537-ba76-fecefaddd226,lipandzi,mavbandzi,Camarao,Penaeidae,Penaeidae,crustacean,prawns,1.0,31012023MUCB08,mucucune,f,shrimp_net,shrimp_net
237,56,1.5,mod,1.0,8c4c8baa-dafa-48c6-bb34-4944108c5851,lipandzi,mavbandzi,Camarao,Penaeidae,Penaeidae,crustacean,prawns,1.0,04032023NGUB07,nguja,f,shrimp_net,shrimp_net
235,56,1.5,mod,0.6666666666666666,efe0ad7e-97bf-4dbb-802a-4e8575a54c9d,lipandzi,mavbandzi,Camarao,Penaeidae,Penaeidae,crustacean,prawns,1.0,04032023NGUB06,nguja,m,gill_net,fish
206,56,1.5,mod,0.3333333333333333,1436c090-ffc1-44f1-8a1f-115e2164b9b1,lipandzi,mavbandzi,Camarao,Penaeidae,Penaeidae,crustacean,prawns,1.0,08022023MADB08,madava,f,shrimp_net,shrimp_net
207,56,1.5,mod,0.3333333333333333,1436c090-ffc1-44f1-8a1f-115e2164b9b1,lipandzi,mavbandzi,Camarao,Penaeidae,Penaeidae,crustacean,prawns,1.0,08022023MADB08,madava,f,glean,glean
195,56,1.5,mod,0.2333333333333333,6aff3bd5-1d7f-4dfc-a530-7fd33a3b1432,lipandzi,mavbandzi,Camarao,Penaeidae,Penaeidae,crustacean,prawns,1.0,08022023MADB05,madava,m,gill_net,fish
188,56,1.5,mod,0.3333333333333333,719608f1-9b88-42cc-b983-888cd656656a,lipandzi,mavbandzi,Camarao,Penaeidae,Penaeidae,crustacean,prawns,1.0,08022023MADB04,madava,f,glean,glean
187,56,1.5,mod,0.3333333333333333,719608f1-9b88-42cc-b983-888cd656656a,lipandzi,mavbandzi,Camarao,Penaeidae,Penaeidae,crustacean,prawns,1.0,08022023MADB04,madava,f,shrimp_net,shrimp_net
215,56,1.5,mod,1.0,affb9ddf-bde5-4005-8a5c-962978da994f,lipandzi,mavbandzi,Camarao,Penaeidae,Penaeidae,crustacean,prawns,1.0,17022023NHCHB04,nhamaxaxa,m,gill_net,fish
102,56,1.5,mod,0.1333333333333333,fa135abb-d0cf-4f86-81fa-d786fd8a957a,lipandzi,mavbandzi,Camarao,Penaeidae,Penaeidae,crustacean,prawns,1.0,02022023MARB04,marrambone,f,gill_net,fish
101,56,1.5,mod,0.1333333333333333,fa135abb-d0cf-4f86-81fa-d786fd8a957a,lipandzi,mavbandzi,Camarao,Penaeidae,Penaeidae,crustacean,prawns,1.0,02022023MARB04,marrambone,f,shrimp_net,shrimp_net
100,56,1.5,mod,0.1333333333333333,fa135abb-d0cf-4f86-81fa-d786fd8a957a,lipandzi,mavbandzi,Camarao,Penaeidae,Penaeidae,crustacean,prawns,1.0,02022023MARB04,marrambone,f,glean,glean
219,56,1.5,mod,0.3333333333333333,8536dca4-ea83-4248-865b-3b13873d1a90,lipandzi,mavbandzi,Camarao,Penaeidae,Penaeidae,crustacean,prawns,1.0,09032023NHCHB07,nhamaxaxa,m,hand_line,fish
182,56,1.5,mod,0.5,632655b3-8586-4c96-bf14-73c3ddeea90e,lipandzi,mavbandzi,Camarao,Penaeidae,Penaeidae,crustacean,prawns,1.0,08022023MADB03,madava,m,fence_trap,fish
220,56,1.5,mod,1.0,c084112a-11e6-48d0-848c-4b62c67bb16f,lipandzi,mavbandzi,Camarao,Penaeidae,Penaeidae,crustacean,prawns,1.0,09032023NHCHB08,nhamaxaxa,f,shrimp_net,shrimp_net
221,56,1.5,mod,1.0,c084112a-11e6-48d0-848c-4b62c67bb16f,lipandzi,mavbandzi,Camarao,Penaeidae,Penaeidae,crustacean,prawns,1.0,09032023NHCHB08,nhamaxaxa,f,glean,glean
87,56,1.5,mod,1.0,ae7d8f6f-e1d1-484c-b65d-5b64c4bec7b8,lipandzi,mavbandzi,Camarao,Penaeidae,Penaeidae,crustacean,prawns,1.0,02022023MARB03,marrambone,f,shrimp_net,shrimp_net
86,56,1.5,mod,0.5,6e76bb44-7881-4dfe-aff2-019452e7f1ef,lipandzi,mavbandzi,Camarao,Penaeidae,Penaeidae,crustacean,prawns,1.0,02022023MARB02,marrambone,f,shrimp_net,shrimp_net
222,56,1.5,mod,1.0,fbee7783-67bd-4ec0-86d8-32300ae0d600,lipandzi,mavbandzi,Camarao,Penaeidae,Penaeidae,crustacean,prawns,1.0,14022023SAHB01,sahane,m,shrimp_net,shrimp_net
136,56,1.5,mod,0.2333333333333333,668fcae1-2e89-417d-b2f7-cca29ae88fcf,lipandzi,mavbandzi,Camarao,Penaeidae,Penaeidae,crustacean,prawns,1.0,31012023MUCB04,mucucune,f,glean,glean
234,56,1.5,mod,0.6666666666666666,dc97eb44-cd78-4a2c-88bb-90d04851de2c,lipandzi,mavbandzi,Camarao,Penaeidae,Penaeidae,crustacean,prawns,1.0,04032023NGUB03,nguja,f,glean,glean
152,56,1.5,mod,0.5333333333333333,a744e3c9-d3d2-4588-b6cd-900a3f4f4286,lipandzi,mavbandzi,Camarao,Penaeidae,Penaeidae,crustacean,prawns,1.0,31012023MUCB07,mucucune,f,shrimp_net,shrimp_net
78,56,1.5,mod,0.2333333333333333,fb35740b-c147-41b7-b604-35eed1bf5c77,lipandzi,mavbandzi,Camarao,Penaeidae,Penaeidae,crustacean,prawns,1.0,04022023CHAB08,chamane,m,gill_net,fish
79,56,1.5,mod,0.2333333333333333,fb35740b-c147-41b7-b604-35eed1bf5c77,lipandzi,mavbandzi,Camarao,Penaeidae,Penaeidae,crustacean,prawns,1.0,04022023CHAB08,chamane,m,shrimp_net,shrimp_net
161,56,1.5,mod,0.3333333333333333,1469e0fd-0691-405e-b1e8-c144e854fbb7,lipandzi,mavbandzi,Camarao,Penaeidae,Penaeidae,crustacean,prawns,1.0,09022023NHMPB03,nhampossa,f,shrimp_net,shrimp_net
85,56,1.5,mod,0.5,6e76bb44-7881-4dfe-aff2-019452e7f1ef,lipandzi,mavbandzi,Camarao,Penaeidae,Penaeidae,crustacean,prawns,1.0,02022023MARB02,marrambone,f,glean,glean
148,56,1.5,mod,0.0666666666666666,72b20ec3-78b0-44b1-8f62-06504a26e4c5,lipandzi,mavbandzi,Camarao,Penaeidae,Penaeidae,crustacean,prawns,1.0,31012023MUCB06,mucucune,m,gill_net,fish
200,56,1.5,mod,0.3333333333333333,8407b1b2-9c62-4161-a560-a8c8415ca76a,lipandzi,mavbandzi,Camarao,Penaeidae,Penaeidae,crustacean,prawns,1.0,08022023MADB06,madava,m,gill_net,fish
166,56,1.5,mod,0.1333333333333333,caac8748-ebed-413c-a5d2-a635b5bd8932,lipandzi,mavbandzi,Camarao,Penaeidae,Penaeidae,crustacean,prawns,1.0,09022023NHMPB04,nhampossa,m,fence_trap,fish
82,56,1.5,mod,0.5,786726d4-2b8e-46a0-ab5f-1339cbe1ab7b,lipandzi,mavbandzi,Camarao,Penaeidae,Penaeidae,crustacean,prawns,1.0,26012023MARB01,marrambone,f,shrimp_net,shrimp_net
170,56,1.5,mod,0.6666666666666666,a9325c3b-f81d-431a-9628-6b0b57ede5e3,lipandzi,mavbandzi,Camarao,Penaeidae,Penaeidae,crustacean,prawns,1.0,09022023NHMPB05,nhampossa,f,gill_net,fish
173,56,1.5,mod,0.4666666666666667,e12a739b-ed4a-4ff7-94db-d034a066dd23,lipandzi,mavbandzi,Camarao,Penaeidae,Penaeidae,crustacean,prawns,1.0,08022023MADB01,madava,f,shrimp_net,shrimp_net
174,56,1.5,mod,0.4666666666666667,e12a739b-ed4a-4ff7-94db-d034a066dd23,lipandzi,mavbandzi,Camarao,Penaeidae,Penaeidae,crustacean,prawns,1.0,08022023MADB01,madava,f,fence_trap,fish
142,56,1.5,mod,0.25,942decee-217f-4b36-be4c-3948ed7665d0,lipandzi,mavbandzi,Camarao,Penaeidae,Penaeidae,crustacean,prawns,1.0,31012023MUCB05,mucucune,m,hand_line,fish
3,60,3.0,high,0.3333333333333333,3f3b6da1-f4ee-467b-9647-aefe9851351f,litewo,matewo,,Pinna muricata,Pinnidae,mollusc,bivalve,1.0,16022023NHMUB05,nhamua,f,glean,glean
22,60,3.0,high,0.0666666666666666,310a5eff-b95e-4979-a0dd-c98a7703f436,litewo,matewo,,Pinna muricata,Pinnidae,mollusc,bivalve,1.0,13022023NHMUB03,nhamua,m,gill_net,fish
284,60,3.0,high,1.0,27221a9d-a61e-4908-8da8-4e0e2783119e,litewo,matewo,,Pinna muricata,Pinnidae,mollusc,bivalve,1.0,19022023ILHB08,ilha,f,glean,glean
23,60,3.0,high,0.0666666666666666,310a5eff-b95e-4979-a0dd-c98a7703f436,litewo,matewo,,Pinna muricata,Pinnidae,mollusc,bivalve,1.0,13022023NHMUB03,nhamua,m,glean,glean
277,60,3.0,high,0.6666666666666666,b16133a3-e0e9-4edf-8a63-f5fd5cde5cd1,litewo,matewo,,Pinna muricata,Pinnidae,mollusc,bivalve,1.0,18022023ILHB02,ilha,f,shrimp_net,shrimp_net
61,60,3.0,high,0.2,7793fa9e-5754-44f7-a642-e8e243e6ff55,litewo,matewo,,Pinna muricata,Pinnidae,mollusc,bivalve,1.0,04022023CHAB05,chamane,m,shrimp_net,shrimp_net
1,60,3.0,high,0.3333333333333333,5242b473-cb0e-43ec-bc8f-6e626f4ee1d3,litewo,matewo,,Pinna muricata,Pinnidae,mollusc,bivalve,1.0,13022023NHAMUB02,nhamua,f,glean,glean
278,60,3.0,high,0.6666666666666666,b16133a3-e0e9-4edf-8a63-f5fd5cde5cd1,litewo,matewo,,Pinna muricata,Pinnidae,mollusc,bivalve,1.0,18022023ILHB02,ilha,f,glean,glean
58,60,3.0,high,0.2333333333333333,7dc8a846-da63-495f-815e-10c1c4b6720d,litewo,matewo,,Pinna muricata,Pinnidae,mollusc,bivalve,1.0,04022023CHAB04,chamane,f,shrimp_net,shrimp_net
43,60,3.0,high,0.6666666666666666,1d5f5cdd-4deb-4017-ae95-ed677c22bd24,litewo,matewo,,Pinna muricata,Pinnidae,mollusc,bivalve,1.0,09032023JOSB08,josina_machel,f,glean,glean
25,61,3.0,high,0.1,310a5eff-b95e-4979-a0dd-c98a7703f436,livalo,mavalo,ostra,Margaritidae,Margaritidae,mollusc,bivalve,1.0,13022023NHMUB03,nhamua,m,glean,glean
24,61,3.0,high,0.1,310a5eff-b95e-4979-a0dd-c98a7703f436,livalo,mavalo,ostra,Margaritidae,Margaritidae,mollusc,bivalve,1.0,13022023NHMUB03,nhamua,m,gill_net,fish
4,61,3.0,high,0.3333333333333333,3f3b6da1-f4ee-467b-9647-aefe9851351f,livalo,mavalo,ostra,Margaritidae,Margaritidae,mollusc,bivalve,1.0,16022023NHMUB05,nhamua,f,glean,glean
2,61,3.0,high,0.3333333333333333,5242b473-cb0e-43ec-bc8f-6e626f4ee1d3,livalo,mavalo,ostra,Margaritidae,Margaritidae,mollusc,bivalve,1.0,13022023NHAMUB02,nhamua,f,glean,glean
149,63,0.0,none,0.1,72b20ec3-78b0-44b1-8f62-06504a26e4c5,nhamunhe,,Amêijoa,Tapes literatus,Veneridae,mollusc,bivalve,1.0,31012023MUCB06,mucucune,m,gill_net,fish
210,63,0.0,none,1.0,a5a2c506-9bdf-4033-9a76-cc0374b5e66e,nhamunhe,,Amêijoa,Tapes literatus,Veneridae,mollusc,bivalve,1.0,17022023NHCHB01,nhamaxaxa,f,shrimp_net,shrimp_net
211,63,0.0,none,1.0,a5a2c506-9bdf-4033-9a76-cc0374b5e66e,nhamunhe,,Amêijoa,Tapes literatus,Veneridae,mollusc,bivalve,1.0,17022023NHCHB01,nhamaxaxa,f,glean,glean
133,63,0.0,none,0.3333333333333333,84267d00-7c2a-415c-b15e-d1f3a08a24ea,nhamunhe,,Amêijoa,Tapes literatus,Veneridae,mollusc,bivalve,1.0,31012023MUCB03,mucucune,f,glean,glean
137,63,0.0,none,0.1333333333333333,668fcae1-2e89-417d-b2f7-cca29ae88fcf,nhamunhe,,Amêijoa,Tapes literatus,Veneridae,mollusc,bivalve,1.0,31012023MUCB04,mucucune,f,glean,glean
212,63,0.0,none,0.1666666666666666,8719e18a-7160-440e-884e-330fdba6d7a1,nhamunhe,,Amêijoa,Tapes literatus,Veneridae,mollusc,bivalve,1.0,17022023NHCHB02,nhamaxaxa,f,glean,glean
251,64,0.0,none,0.5,f33778b3-3301-4691-80c6-68692988559b,lihutu,mahutu,Amêijoa,Siliqua polita,Pharidae,mollusc,bivalve,1.0,01022023MORB03,morrumbene,f,glean,glean
244,64,0.0,none,0.3,04827c1d-3bba-4bcb-a8be-1af1c071e30f,lihutu,mahutu,Amêijoa,Siliqua polita,Pharidae,mollusc,bivalve,1.0,01022023MORB02,morrumbene,f,shrimp_net,shrimp_net
245,64,0.0,none,0.3,04827c1d-3bba-4bcb-a8be-1af1c071e30f,lihutu,mahutu,Amêijoa,Siliqua polita,Pharidae,mollusc,bivalve,1.0,01022023MORB02,morrumbene,f,glean,glean
250,64,0.0,none,0.5,f33778b3-3301-4691-80c6-68692988559b,lihutu,mahutu,Amêijoa,Siliqua polita,Pharidae,mollusc,bivalve,1.0,01022023MORB03,morrumbene,f,shrimp_net,shrimp_net
203,68,0.0,none,1.0,8c5ddba3-d736-4831-b7e4-f18bb3d47eae,nhanguedwa,nhanguedwa,canivetes,Solenidae,Solenidae,mollusc,bivalve,1.0,08022023MADB07,madava,f,glean,glean
307,68,0.0,none,0.3333333333333333,074701a4-86f2-4beb-a67e-b12fc841f7fe,nhanguedwa,nhanguedwa,canivetes,Solenidae,Solenidae,mollusc,bivalve,1.0,07022023CUGB04,kuguana,f,drag_net,fish
246,68,0.0,none,0.1666666666666666,04827c1d-3bba-4bcb-a8be-1af1c071e30f,nhanguedwa,nhanguedwa,canivetes,Solenidae,Solenidae,mollusc,bivalve,1.0,01022023MORB02,morrumbene,f,shrimp_net,shrimp_net
306,68,0.0,none,0.3333333333333333,074701a4-86f2-4beb-a67e-b12fc841f7fe,nhanguedwa,nhanguedwa,canivetes,Solenidae,Solenidae,mollusc,bivalve,1.0,07022023CUGB04,kuguana,f,shrimp_net,shrimp_net
247,68,0.0,none,0.1666666666666666,04827c1d-3bba-4bcb-a8be-1af1c071e30f,nhanguedwa,nhanguedwa,canivetes,Solenidae,Solenidae,mollusc,bivalve,1.0,01022023MORB02,morrumbene,f,glean,glean
252,68,0.0,none,0.3333333333333333,f33778b3-3301-4691-80c6-68692988559b,nhanguedwa,nhanguedwa,canivetes,Solenidae,Solenidae,mollusc,bivalve,1.0,01022023MORB03,morrumbene,f,shrimp_net,shrimp_net
253,68,0.0,none,0.3333333333333333,f33778b3-3301-4691-80c6-68692988559b,nhanguedwa,nhanguedwa,canivetes,Solenidae,Solenidae,mollusc,bivalve,1.0,01022023MORB03,morrumbene,f,glean,glean
208,68,0.0,none,0.3333333333333333,1436c090-ffc1-44f1-8a1f-115e2164b9b1,nhanguedwa,nhanguedwa,canivetes,Solenidae,Solenidae,mollusc,bivalve,1.0,08022023MADB08,madava,f,shrimp_net,shrimp_net
209,68,0.0,none,0.3333333333333333,1436c090-ffc1-44f1-8a1f-115e2164b9b1,nhanguedwa,nhanguedwa,canivetes,Solenidae,Solenidae,mollusc,bivalve,1.0,08022023MADB08,madava,f,glean,glean
190,68,0.0,none,0.3,719608f1-9b88-42cc-b983-888cd656656a,nhanguedwa,nhanguedwa,canivetes,Solenidae,Solenidae,mollusc,bivalve,1.0,08022023MADB04,madava,f,glean,glean
196,68,0.0,none,0.1333333333333333,6aff3bd5-1d7f-4dfc-a530-7fd33a3b1432,nhanguedwa,nhanguedwa,canivetes,Solenidae,Solenidae,mollusc,bivalve,1.0,08022023MADB05,madava,m,gill_net,fish
189,68,0.0,none,0.3,719608f1-9b88-42cc-b983-888cd656656a,nhanguedwa,nhanguedwa,canivetes,Solenidae,Solenidae,mollusc,bivalve,1.0,08022023MADB04,madava,f,shrimp_net,shrimp_net
226,69,0.0,none,1.0,0452b1c9-a249-4667-bf24-bb6969858009,simbatsani,simbatsani,,Garfarium pectinatum,Veneridae,mollusc,bivalve,1.0,14022023SAHB04,sahane,f,glean,glean
191,70,0.0,none,0.1,719608f1-9b88-42cc-b983-888cd656656a,nhakumbe,,Amêijoa,Serratina capsoides,Tellinidae,mollusc,bivalve,1.0,08022023MADB04,madava,f,shrimp_net,shrimp_net
192,70,0.0,none,0.1,719608f1-9b88-42cc-b983-888cd656656a,nhakumbe,,Amêijoa,Serratina capsoides,Tellinidae,mollusc,bivalve,1.0,08022023MADB04,madava,f,glean,glean
162,70,0.0,none,0.1666666666666666,1469e0fd-0691-405e-b1e8-c144e854fbb7,nhakumbe,,Amêijoa,Serratina capsoides,Tellinidae,mollusc,bivalve,1.0,09022023NHMPB03,nhampossa,f,shrimp_net,shrimp_net
319,70,0.0,none,0.5,d63dc568-99da-438e-bd41-3a79bf13b0d9,nhakumbe,,Amêijoa,Serratina capsoides,Tellinidae,mollusc,bivalve,1.0,07022023CUGBO8,kuguana,f,glean,glean
213,71,3.0,high,0.1333333333333333,8719e18a-7160-440e-884e-330fdba6d7a1,nhasastani,,Amêijoa,Callista florida,Veneridae,mollusc,bivalve,1.0,17022023NHCHB02,nhamaxaxa,f,glean,glean
112,74,0.0,none,0.1333333333333333,a9a9124d-f801-444e-a6ac-6f1064ecb6a6,likolo,makolo,Caracóis,Potamididae,Potamididae,mollusc,gastropod,1.0,02022023MARB06,marrambone,m,hand_line,fish
138,78,0.0,none,0.1666666666666666,668fcae1-2e89-417d-b2f7-cca29ae88fcf,togoma,dzitogoma,Caracóis,Volema pyrum,Melongenidae,mollusc,gastropod,1.0,31012023MUCB04,mucucune,f,glean,glean
107,78,0.0,none,0.2,e8d84b41-6838-4a4d-b98d-66385c122993,togoma,dzitogoma,Caracóis,Volema pyrum,Melongenidae,mollusc,gastropod,1.0,02022023MARB05,marrambone,m,fence_trap,fish
134,78,0.0,none,0.3333333333333333,84267d00-7c2a-415c-b15e-d1f3a08a24ea,togoma,dzitogoma,Caracóis,Volema pyrum,Melongenidae,mollusc,gastropod,1.0,31012023MUCB03,mucucune,f,glean,glean
197,78,0.0,none,0.1666666666666666,6aff3bd5-1d7f-4dfc-a530-7fd33a3b1432,togoma,dzitogoma,Caracóis,Volema pyrum,Melongenidae,mollusc,gastropod,1.0,08022023MADB05,madava,m,gill_net,fish
318,78,0.0,none,0.5,d63dc568-99da-438e-bd41-3a79bf13b0d9,togoma,dzitogoma,Caracóis,Volema pyrum,Melongenidae,mollusc,gastropod,1.0,07022023CUGBO8,kuguana,f,glean,glean
150,78,0.0,none,0.1666666666666666,72b20ec3-78b0-44b1-8f62-06504a26e4c5,togoma,dzitogoma,Caracóis,Volema pyrum,Melongenidae,mollusc,gastropod,1.0,31012023MUCB06,mucucune,m,gill_net,fish
62,78,0.0,none,0.4333333333333333,7793fa9e-5754-44f7-a642-e8e243e6ff55,togoma,dzitogoma,Caracóis,Volema pyrum,Melongenidae,mollusc,gastropod,1.0,04022023CHAB05,chamane,m,shrimp_net,shrimp_net
