,id,date,ccp,gender,age,birth_place,mar_status,ed_level,house_head,glean,electricity,fridge_freezer,fridge_freezer_num,water,matress,matress_num,mobile_phone,mobile_phone_num,smart_phone,smart_phone_num,fan,fan_num,tv,tv_num,radio,radio_num,stove,stove_num,transport,transport_num,floor,floor_other,wall,wall_other,roof,roof_other,access_credit_loans,community_participation,ccp_member,ccp_participation,decision_making_manag,decision_making_fish,change_seagrass,direction_change_seagrass,causes_change_seagrass,change_fish,direction_change_resources,causes_change_resources,link_seagrass_resources,capacity_change_practice,capacity_change_livelihood,capacity_organize,local_knowledge,agency_change_seagrass,agency_change_seagrass_other,agency_change_capture,agency_change_capture_other,action_seagrass,action_seagrass_other,human_mang_seagrass,action_capture,action_capture_other,human_mang_capture,gear,hours,cap_daily_total,value,persons,pract_cat,cpue,ParentGlobalID
0,05032023JOSC01,5/1/2023 10:00:00 AM,josina_machel,f,49.0,community,married,primary,respondent and other,yes,1,0,,0,1,1.0,1,1.0,0,,0,,1,1.0,1,1.0,0,,no_transport,,concrete,,metal,,metal,,none,yes,non-member,paticipates regularly,not involved,respondent,change,less,['climate_change'],change,significantly less,['climate_change'],unsure,agree strongly,agree strongly,agree strongly,agree slightly,['no_change'],,['no_change'],,['unsure'],,no,['fishing_manag'],,yes,glean,6.0,12.0,300.0,,glean,2.0,249a6399-394a-400a-8047-fc094e6f5760
1,05032023JOSC02,5/1/2023 10:00:00 AM,josina_machel,f,20.0,community,married,secondary,other member,yes,0,0,,0,1,1.0,1,1.0,0,,0,,0,,0,,0,,no_transport,,concrete,,reeds,,straw,,rotating_savings,yes,member,paticipates regularly,involved,respondent,no change,no change,['no_decrease_perceived'],change,less,['unsure'],unsure,agree strongly,agree strongly,agree strongly,disagree slightly,['fish_less'],,['no_change'],,['unsure'],,no,['fishing_manag'],,yes,glean,4.0,2.625,300.0,,glean,0.65625,3ece926a-9de2-4da4-988e-0a8643d8aeb0
2,05032023JOSC03,5/1/2023 10:00:00 AM,josina_machel,m,37.0,community,married,illiterate,respondent,no,1,0,,0,0,,1,1.0,0,,0,,0,,0,,0,,no_transport,,concrete,,other,Macuti,straw,,none,no,non-member,paticipates regularly,not involved,respondent,change,significantly less,['destructive_gear'],change,significantly less,['fishing_pressure'],not associated,agree strongly,agree strongly,agree strongly,agree strongly,['no_change'],,['no_change'],,['change_gear'],,yes,['fishing_manag'],,yes,gill_net,7.0,6.0,400.0,2.0,fish,0.42857142857142855,c71708b2-e674-40e2-8d9c-f3d793f90fe3
3,05032023JOSC04,5/1/2023 10:00:00 AM,josina_machel,f,31.0,community,married,primary,other member,yes,0,0,,0,0,,0,,1,1.0,0,,0,,0,,0,,no_transport,,concrete,,reeds,,straw,,none,yes,non-member,paticipates regularly,not involved,respondent,change,more,['no_decrease_perceived'],change,significantly less,['destructive_gear'],not associated,agree strongly,agree strongly,agree strongly,agree strongly,['no_change'],,['no_change'],,['unsure'],,no,['fishing_manag'],,yes,glean,5.0,3.0,500.0,,glean,0.6,978998b5-bb67-4c6b-b9bc-46aa665ac1ce
4,05032023JOSC05,5/1/2023 10:00:00 AM,josina_machel,f,30.0,community,single,secondary,other member,no,1,0,,0,1,2.0,0,,0,,1,1.0,1,1.0,0,,0,,no_transport,,concrete,,reeds,,metal,,none,no,non-member,"does not
participate",not involved,respondent,no change,no change,['no_decrease_perceived'],change,significantly less,['climate_change'],associated,agree strongly,agree strongly,agree strongly,agree strongly,['leave'],,['no_change'],,['fishing_manag'],,yes,['fishing_manag'],,yes,shrimp_net,5.0,3.5,400.0,2.0,shrimp_net,0.35,30c66007-6b99-485d-9e31-9e7023a3e130
5,05032023JOSC06,5/1/2023 10:00:00 AM,josina_machel,f,52.0,community,married,primary,other member,yes,1,0,,0,1,1.0,1,1.0,0,,0,,1,1.0,0,,0,,no_transport,,concrete,,metal,,metal,,none,yes,member,paticipates regularly,involved,respondent,change,significantly less,['climate_change'],change,significantly less,"['fishing_pressure', 'climate_change']",not associated,disagree strongly,disagree slightly,agree strongly,disagree strongly,['no_change'],,['no_change'],,['unsure'],,no,['reduce_fishing'],,yes,glean,2.5,10.0,500.0,,glean,4.0,457608b1-be23-437b-b051-cd664017a444
6,05032023JOSC07,5/1/2023 10:00:00 AM,josina_machel,m,47.0,community,single,primary,respondent,no,1,0,,0,0,,1,1.0,1,1.0,0,,1,1.0,0,,0,,no_transport,,concrete,,reeds,,metal,,none,yes,member,paticipates regularly,involved,respondent,change,significantly less,"['destructive_gear', 'climate_change']",change,significantly less,['fishing_pressure'],associated,agree strongly,agree strongly,agree strongly,agree strongly,['no_change'],,['no_change'],,['fishing_manag'],,yes,['fishing_manag'],,yes,diving,3.0,6.0,300.0,,fish,2.0,5ce28e1a-515c-411b-9c34-319515231d6a
7,05032023JOSC08,5/1/2023 10:00:00 AM,josina_machel,m,46.0,community,married,primary,respondent,no,1,1,1.0,0,1,1.0,1,1.0,0,,0,,1,1.0,1,1.0,1,1.0,no_transport,,concrete,,ciment,,metal,,none,no,member,paticipates regularly,involved,respondent,change,significantly less,['destructive_gear'],change,significantly less,['destructive_gear'],associated,agree slightly,disagree strongly,agree strongly,agree strongly,['fish_less'],,['leave'],organize with other fishers,['change_gear'],,yes,['fishing_manag'],,yes,hand_line,2.0,7.0,500.0,,fish,3.5,28734c9d-c6e1-4572-99fa-2260ba135eb0
8,07032023NHMUC01,5/1/2023 10:00:00 AM,nhamua,f,60.0,community,married,primary,other member,no,1,0,,0,1,1.0,0,,0,,0,,0,,0,,0,,no_transport,,concrete,,ciment,,metal,,none,no,non-member,paticipates regularly,not involved,respondent,change,significantly less,['unsure'],change,significantly less,['climate_change'],associated,disagree strongly,agree slightly,agree strongly,disagree strongly,['no_change'],,['no_change'],,['unsure'],,no,['unsure'],,no,shrimp_net,3.0,2.0999999999999996,300.0,2.0,shrimp_net,0.3499999999999999,23be9612-24da-41d6-bf3e-bbf23656f4e9
9,07032023NHMUC02,5/1/2023 10:00:00 AM,nhamua,f,70.0,community,widowed,primary,respondent,yes,0,0,,0,1,1.0,0,,0,,0,,0,,0,,0,,no_transport,,concrete,,metal,,metal,,rotating_savings,yes,non-member,paticipates regularly,not involved,respondent,change,significantly less,['climate_change'],no change,no change,['no_decrease_perceived'],associated,agree strongly,agree strongly,agree strongly,disagree slightly,['no_change'],,['fish_less'],,['unsure'],,no,['unsure'],,no,glean,2.5,2.0,100.0,,glean,0.8,8e3042d7-aaa0-4efa-af3f-10494e33d9e4
10,07032023NHMUC03,5/1/2023 10:00:00 AM,nhamua,f,63.0,community,married,primary,other member,no,1,1,1.0,0,1,3.0,0,,1,1.0,0,,1,1.0,1,1.0,0,,no_transport,,concrete,,metal,,metal,,rotating_savings,yes,non-member,paticipates regularly,not involved,respondent,change,significantly less,['destructive_gear'],change,significantly less,['destructive_gear'],associated,agree strongly,disagree strongly,agree strongly,agree strongly,['fish_less'],,['fish_less'],,"['reduce_fishing', 'change_gear']",,yes,"['reduce_fishing', 'change_gear']",,yes,shrimp_net,3.0,2.8,400.0,2.0,shrimp_net,0.4666666666666666,55e61ec8-bfca-45c7-a247-b63239428d59
11,07032023NHMUC04,5/1/2023 10:00:00 AM,nhamua,m,31.0,community,married,secondary,respondent,no,1,0,,0,1,2.0,0,,1,1.0,1,1.0,1,1.0,0,,0,,no_transport,,concrete,,reeds,,straw,,rotating_savings,no,non-member,paticipates regularly,not involved,another person,change,more,['no_decrease_perceived'],change,less,['climate_change'],associated,disagree slightly,agree strongly,agree strongly,agree strongly,['fish_less'],,['fish_less'],,"['reduce_fishing', 'change_gear', 'fishing_manag']",,yes,"['reduce_fishing', 'change_gear', 'fishing_manag']",,yes,gill_net,6.5,24.0,1200.0,3.0,fish,1.2307692307692308,5519df2c-ef82-442d-9eb5-cd25a32c3cf1
12,07032023NHMUC05,5/1/2023 10:00:00 AM,nhamua,f,66.0,community,single,primary,respondent,yes,0,0,,0,0,,0,,0,,0,,0,,0,,0,,no_transport,,concrete,,reeds,,straw,,none,yes,non-member,paticipates regularly,not involved,respondent,no change,no change,['no_decrease_perceived'],change,less,['unsure'],associated,neutral,agree strongly,agree strongly,disagree strongly,['no_change'],,not sure,,['other'],chuva,no,['reduce_fishing'],,yes,glean,5.0,0.35,60.0,,glean,0.06999999999999999,7ebc6861-67ad-481b-966e-cd85327cd04f
13,07032023NHMUC06,5/1/2023 10:00:00 AM,nhamua,m,73.0,community,married,primary,respondent,no,1,0,,1,1,1.0,1,1.0,0,,0,,1,1.0,1,1.0,0,,no_transport,,concrete,,ciment,,metal,,none,yes,member,paticipates regularly,involved,respondent,no change,no change,['no_decrease_perceived'],change,significantly less,['fishing_pressure'],associated,disagree strongly,disagree strongly,agree strongly,agree strongly,['no_change'],,['no_change'],,['change_gear'],,yes,"['reduce_fishing', 'change_gear']",,yes,fence_trap,2.0,4.0,480.0,,fish,2.0,2a6f9fdb-bde7-4773-8988-d09649167dc2
14,07032023NHMUC07,5/1/2023 10:00:00 AM,nhamua,m,62.0,community,married,primary,respondent,no,1,1,1.0,1,1,1.0,1,1.0,0,,0,,1,1.0,0,,0,,no_transport,,concrete,,ciment,,metal,,none,yes,non-member,paticipates regularly,involved,respondent,change,significantly less,['destructive_gear'],change,significantly less,"['fishing_pressure', 'destructive_gear']",unsure,agree strongly,agree slightly,agree strongly,agree strongly,['fish_less'],,['no_change'],,['change_gear'],,yes,['fishing_manag'],,yes,fence_trap,2.0,4.0,400.0,,fish,2.0,faf05f6a-f2f4-4dc4-bb95-f6c63409c3ce
15,07032023NHMUC08,5/1/2023 10:00:00 AM,nhamua,m,55.0,community,married,primary,respondent,no,1,0,,0,1,3.0,1,1.0,0,,0,,1,1.0,1,1.0,0,,no_transport,,concrete,,ciment,,metal,,none,yes,non-member,paticipates regularly,not involved,respondent,change,significantly less,['climate_change'],change,significantly less,['fishing_pressure'],associated,agree strongly,agree strongly,agree strongly,agree strongly,['no_change'],,['fish_less'],,['unsure'],,no,['unsure'],,no,fence_trap,3.5,4.0,200.0,,fish,1.1428571428571428,92955b9a-3c46-4fb8-a7bc-4b257d15c324
16,09032023NHCHC01,5/2/2023 10:00:00 AM,nhamaxaxa,f,50.0,other coastal area,single,illiterate,respondent,no,0,0,,0,1,1.0,1,1.0,0,,0,,0,,0,,0,,no_transport,,sand,,reeds,,straw,,none,no,non-member,paticipates regularly,not involved,respondent,"less than 7
years fishing",not recorded,['NR'],"less than 7
years fishing",not recorded,['NR'],unsure,agree strongly,disagree strongly,agree strongly,agree slightly,['fish_less'],,['no_change'],,['unsure'],,no,['unsure'],,no,shrimp_net,3.5,2.0999999999999996,140.0,2.0,shrimp_net,0.29999999999999993,7d5ef953-e3a5-4712-b13a-ebc9503218f1
17,09032023NHCHC02,5/2/2023 10:00:00 AM,nhamaxaxa,f,59.0,community,married,primary,respondent and other,yes,1,0,,1,1,1.0,1,1.0,0,,1,1.0,1,1.0,0,,0,,no_transport,,concrete,,metal,,metal,,rotating_savings,yes,non-member,paticipates regularly,not involved,respondent,change,significantly less,['unsure'],change,significantly less,['fishing_pressure'],associated,agree strongly,agree slightly,agree strongly,agree strongly,['no_change'],,['fish_less'],,['fishing_manag'],,yes,['fishing_manag'],,yes,glean,3.5,5.0,250.0,,glean,1.4285714285714286,54ea5bcd-1317-4872-b543-65031e229b52
18,09032023NHCHC03,5/2/2023 10:00:00 AM,nhamaxaxa,m,38.0,community,married,secondary,respondent,no,1,1,1.0,1,1,1.0,1,1.0,1,1.0,0,,1,1.0,1,1.0,0,,bicycle,,concrete,,reeds,,metal,,none,yes,non-member,paticipates regularly,not involved,respondent,change,significantly less,"['destructive_gear', 'climate_change']",change,significantly less,"['fishing_pressure', 'destructive_gear', 'climate_change']",not associated,agree strongly,agree strongly,agree strongly,agree strongly,['no_change'],,['no_change'],,['fishing_manag'],,yes,['fishing_manag'],,yes,hand_line,6.0,7.0,1400.0,,fish,1.1666666666666667,2d0072d6-fede-45cd-9bfe-2d5f59e29c4f
19,09032023NHCHC04,5/2/2023 10:00:00 AM,nhamaxaxa,m,56.0,community,not recorded,primary,not recorded,no,1,0,,1,1,1.0,1,1.0,0,,1,1.0,1,1.0,1,1.0,0,,no_transport,,concrete,,metal,,metal,,rotating_savings,yes,member,paticipates regularly,involved,respondent,change,significantly less,"['fishing_pressure', 'destructive_gear']",change,significantly less,"['destructive_gear', 'climate_change']",associated,agree strongly,agree strongly,agree strongly,agree strongly,['fish_less'],,['fish_less'],,['reduce_fishing'],,yes,['fishing_manag'],,yes,gill_net,2.0,8.0,1600.0,2.0,fish,2.0,24e21755-2097-41d2-aef1-3d9966b94b07
20,09032023NHCHC05,5/2/2023 10:00:00 AM,nhamaxaxa,m,62.0,community,single,primary,respondent,no,0,0,,0,1,1.0,0,,0,,0,,0,,0,,0,,no_transport,,sand,,other,Macuti,straw,,none,yes,non-member,paticipates regularly,not involved,respondent,change,significantly less,['unsure'],no change,no change,['no_decrease_perceived'],associated,disagree slightly,agree slightly,agree strongly,agree strongly,['no_change'],,['fish_less'],,['unsure'],,no,['fishing_manag'],,not recorded,gill_net,5.0,12.0,2000.0,3.0,fish,0.8,8f4f17d7-465d-49dd-be16-fe75270b1ebf
21,09032023NHCHC06,5/2/2023 10:00:00 AM,nhamaxaxa,m,40.0,community,married,primary,respondent,no,0,0,,0,1,1.0,1,1.0,0,,0,,1,,1,1.0,0,,no_transport,,concrete,,reeds,,metal,,none,yes,non-member,paticipates regularly,not involved,respondent,change,not recorded,['NR'],change,significantly less,"['fishing_pressure', 'destructive_gear', 'climate_change']",unsure,agree strongly,agree strongly,agree strongly,agree strongly,['no_change'],,['no_change'],,"['reduce_fishing', 'change_gear']",,yes,['fishing_manag'],,yes,hand_line,5.0,3.0,600.0,,fish,0.6,16aee3b9-c62f-4b4b-9d49-1ea3aec33bfd
22,09032023NHCHC07,5/2/2023 10:00:00 AM,nhamaxaxa,f,41.0,community,married,secondary,other member,yes,1,1,,1,1,2.0,1,1.0,0,,0,,1,1.0,0,,0,,no_transport,,concrete,,ciment,,metal,,rotating_savings,yes,non-member,paticipates regularly,not involved,respondent,change,less,['destructive_gear'],change,significantly less,"['fishing_pressure', 'destructive_gear']",not associated,agree strongly,agree strongly,agree strongly,agree slightly,['no_change'],,['no_change'],,['fishing_manag'],,yes,['fishing_manag'],,yes,glean,3.0,4.0,200.0,,glean,1.3333333333333333,c81b7e96-d99e-436d-be2b-ea9a20b77e90
23,09032023NHCHC08,5/2/2023 10:00:00 AM,nhamaxaxa,f,63.0,community,single,illiterate,respondent,no,0,0,,0,0,,1,1.0,0,,0,,0,,0,,0,,no_transport,,sand,,other,Macuti,straw,,none,yes,member,paticipates regularly,involved,respondent,change,significantly less,['fishing_pressure'],change,significantly less,['destructive_gear'],associated,disagree strongly,disagree strongly,agree strongly,agree strongly,['no_change'],,['no_change'],,"['reduce_fishing', 'plant']",,yes,['fishing_manag'],,yes,shrimp_net,2.0,2.4499999999999997,120.0,2.0,shrimp_net,0.6124999999999999,7c0829dd-a14b-4193-b7d1-4ef48e0842af
24,02272023CHAC01,5/2/2023 10:00:00 AM,chamane,f,35.0,community,married,secondary,other member,yes,0,0,,0,1,3.0,0,,0,,0,,0,,0,,0,,no_transport,,concrete,,reeds,,metal,,none,yes,non-member,not recorded,not involved,respondent,no change,no change,['no_decrease_perceived'],change,significantly less,['climate_change'],associated,agree strongly,agree strongly,agree strongly,disagree strongly,['no_change'],,['fish_less'],,['unsure'],,no,['unsure'],,no,glean,3.0,2.0,150.0,,glean,0.6666666666666666,20a31f8c-425a-4ab6-bb2a-c26caf0a17fb
25,02272023CHAC02,5/2/2023 10:00:00 AM,chamane,m,58.0,community,widowed,secondary,respondent,yes,1,0,,0,0,,1,1.0,0,,NR,,NR,,NR,,0,,no_transport,,concrete,,reeds,,metal,,none,yes,non-member,not recorded,not involved,respondent,not sure,not sure,['no_decrease_perceived'],change,significantly less,['fishing_pressure'],associated,agree slightly,agree strongly,agree strongly,agree slightly,['fish_less'],,['fish_less'],,['fishing_manag'],,yes,['fishing_manag'],,yes,glean,2.0,2.0,100.0,,glean,1.0,b76b2052-2ea2-46ed-97a2-060ff2b4adb4
26,02272023CHAC03,5/2/2023 10:00:00 AM,chamane,m,38.0,community,married,primary,respondent,no,0,0,,0,1,1.0,1,1.0,0,,0,,0,,1,1.0,0,,no_transport,,concrete,,metal,,metal,,none,yes,member,paticipates regularly,involved,respondent,no change,no change,['no_decrease_perceived'],change,significantly less,['fishing_pressure'],associated,agree slightly,disagree slightly,agree strongly,agree slightly,['fish_less'],,['fish_less'],,['unsure'],,no,['fishing_manag'],,yes,hand_line,5.0,4.0,175.4,,fish,0.8,eeeb5977-5c41-4232-b4af-d5a176d58bc2
27,02272023CHAC04,5/2/2023 10:00:00 AM,chamane,m,62.0,community,married,secondary,respondent,no,0,0,,0,1,6.0,1,3.0,1,1.0,0,,0,,1,2.0,0,,no_transport,,concrete,,reeds,,straw,,none,yes,member,paticipates regularly,involved,respondent,change,significantly less,['climate_change'],change,significantly less,['destructive_gear'],associated,agree strongly,disagree strongly,agree strongly,agree strongly,['no_change'],,['no_change'],,['change_gear'],,yes,['fishing_manag'],,yes,hand_line,8.0,10.0,750.0,,fish,1.25,fe8aec3f-cd91-43f5-bc4f-72ee356f85d9
28,02272023CHAC05,5/2/2023 10:00:00 AM,chamane,m,50.0,other coastal area,married,primary,respondent,no,0,0,,0,0,,1,1.0,1,1.0,0,,0,,0,,0,,car,,concrete,,metal,,metal,,none,yes,member,paticipates regularly,involved,respondent,change,significantly more,['no_decrease_perceived'],change,less,['fishing_pressure'],not associated,agree slightly,disagree strongly,agree strongly,agree strongly,['no_change'],,['no_change'],,['unsure'],,no,['fishing_manag'],,yes,gill_net,5.0,12.5,937.5,2.0,fish,1.25,32924be0-a50d-4868-b196-eb283e038cae
29,02272023CHAC06,5/2/2023 10:00:00 AM,chamane,m,66.0,country,widowed,primary,respondent,no,0,1,1.0,0,1,1.0,1,1.0,0,,0,,1,1.0,1,1.0,0,,no_transport,,concrete,,metal,,metal,,none,yes,member,paticipates regularly,involved,respondent,change,significantly less,"['fishing_pressure', 'destructive_gear']",change,significantly less,['fishing_pressure'],associated,agree strongly,agree strongly,agree strongly,agree strongly,['fish_less'],,['no_change'],,['reduce_fishing'],plant,yes,['unsure'],,no,gill_net,4.5,6.0,720.0,2.0,fish,0.6666666666666666,124cac9a-c689-43a3-b5a0-f71b99133989
30,02272023CHAC06,5/2/2023 10:00:00 AM,chamane,m,66.0,country,widowed,primary,respondent,no,0,1,1.0,0,1,1.0,1,1.0,0,,0,,1,1.0,1,1.0,0,,no_transport,,concrete,,metal,,metal,,none,yes,member,paticipates regularly,involved,respondent,change,significantly less,"['fishing_pressure', 'destructive_gear']",change,significantly less,['fishing_pressure'],associated,agree strongly,agree strongly,agree strongly,agree strongly,['fish_less'],,['no_change'],,['reduce_fishing'],plant,yes,['unsure'],,no,shrimp_net,2.0,6.0,720.0,2.0,shrimp_net,1.5,124cac9a-c689-43a3-b5a0-f71b99133989
31,02272023CHAC07,5/2/2023 10:00:00 AM,chamane,m,52.0,country,married,primary,other member,no,0,0,,0,1,1.0,1,1.0,0,,0,,0,,0,,0,,no_transport,,concrete,,wood,,metal,,none,yes,non-member,"does not
participate",not involved,respondent,not sure,not sure,['no_decrease_perceived'],no change,no change,['no_decrease_perceived'],unsure,agree strongly,disagree strongly,agree strongly,agree strongly,['leave'],,['no_change'],,['unsure'],,no,['fishing_manag'],,yes,shrimp_net,2.0,1.75,225.0,2.0,shrimp_net,0.4375,fca9596c-cfdc-4773-8139-b73059a66983
32,01032023MARC01,5/3/2023 10:00:00 AM,,m,37.0,community,married,illiterate,respondent,no,0,0,,0,1,1.0,NR,,1,1.0,0,,0,,0,,0,,no_transport,,concrete,,metal,,metal,,none,yes,member,paticipates regularly,not involved,respondent,change,less,['climate_change'],change,significantly less,"['fishing_pressure', 'destructive_gear']",not associated,disagree slightly,disagree strongly,agree strongly,agree strongly,['no_change'],,['no_change'],,['change_gear'],,yes,['change_gear'],,yes,hand_line,4.0,5.0,300.0,,fish,1.25,c45c408b-f1ba-4c08-ba74-1299b65da1bb
33,01032023MARC02,5/3/2023 10:00:00 AM,,m,50.0,community,married,primary,respondent,no,0,0,,0,1,2.0,1,1.0,0,,0,,0,,1,1.0,0,,no_transport,,concrete,,metal,,metal,,rotating_savings,yes,member,paticipates regularly,involved,respondent,change,less,['destructive_gear'],change,significantly less,"['fishing_pressure', 'destructive_gear']",not associated,agree strongly,agree strongly,agree strongly,agree strongly,['no_change'],,['no_change'],,['change_gear'],,yes,['fishing_manag'],,yes,fence_trap,3.0,5.0,250.0,,fish,1.6666666666666667,2e3eefa3-fa01-4a11-bae5-69c0de9a3a26
34,01032023MARC03,5/3/2023 10:00:00 AM,,m,66.0,community,married,primary,respondent,no,0,0,,0,1,1.0,1,1.0,0,,0,,0,,1,1.0,0,,no_transport,,concrete,,ciment,,metal,,rotating_savings,no,non-member,not recorded,involved,respondent,change,significantly less,['unsure'],change,significantly less,['destructive_gear'],associated,disagree strongly,disagree strongly,agree strongly,disagree strongly,['no_change'],,['no_change'],,['change_gear'],,yes,['change_gear'],,yes,basket_trap,3.0,4.0,800.0,,fish,1.3333333333333333,f85c025e-7064-4442-97fd-5e6c73068b59
35,01032023MARC04,5/3/2023 10:00:00 AM,,f,45.0,community,married,primary,other member,yes,1,0,,0,0,,0,,0,,0,,0,,0,,0,,no_transport,,concrete,,reeds,,straw,,none,yes,member,paticipates regularly,involved,another person,change,significantly less,['destructive_gear'],change,significantly less,"['fishing_pressure', 'destructive_gear']",associated,agree strongly,agree strongly,agree strongly,agree strongly,['no_change'],,['no_change'],,['change_gear'],,yes,['fishing_manag'],,yes,glean,3.0,12.0,500.0,,glean,4.0,c9c2a72b-3605-4461-bf45-6dec11de548c
36,01032023MARC05,5/3/2023 10:00:00 AM,,f,49.0,community,married,secondary,other member,no,0,0,,0,0,,0,,0,,0,,0,,0,,0,,no_transport,,concrete,,other,Macuti,straw,,none,yes,member,paticipates regularly,involved,respondent,change,less,['destructive_gear'],change,significantly less,['climate_change'],not associated,disagree strongly,disagree strongly,agree strongly,disagree strongly,['no_change'],,['no_change'],,"['change_gear', 'fishing_manag']",,yes,"['change_gear', 'fishing_manag']",,yes,gill_net,2.0,10.0,500.0,2.0,fish,2.5,cfeee583-b8b1-4681-bba5-e07843b7da4d
37,01032023MARC05,5/3/2023 10:00:00 AM,,f,49.0,community,married,secondary,other member,no,0,0,,0,0,,0,,0,,0,,0,,0,,0,,no_transport,,concrete,,other,Macuti,straw,,none,yes,member,paticipates regularly,involved,respondent,change,less,['destructive_gear'],change,significantly less,['climate_change'],not associated,disagree strongly,disagree strongly,agree strongly,disagree strongly,['no_change'],,['no_change'],,"['change_gear', 'fishing_manag']",,yes,"['change_gear', 'fishing_manag']",,yes,shrimp_net,2.0,5.0,500.0,2.0,shrimp_net,1.25,cfeee583-b8b1-4681-bba5-e07843b7da4d
38,01032023MARC06,5/3/2023 10:00:00 AM,,f,43.0,community,married,primary,other member,no,0,1,1.0,0,1,4.0,0,,1,1.0,0,,0,,1,1.0,0,,no_transport,,concrete,,brick,,metal,,NR,yes,non-member,not recorded,not involved,respondent,change,significantly less,['destructive_gear'],change,significantly less,"['fishing_pressure', 'destructive_gear']",not associated,disagree strongly,disagree strongly,agree strongly,disagree strongly,['no_change'],,['no_change'],,['change_gear'],,yes,['reduce_fishing'],,yes,shrimp_net,3.0,1.75,250.0,2.0,shrimp_net,0.2916666666666667,93ca075b-003e-4767-a9ca-b17a08ab7ed0
39,01032023MARC07,5/3/2023 10:00:00 AM,,f,50.0,other coastal area,married,secondary,other member,no,0,1,2.0,0,1,3.0,1,1.0,0,,1,1.0,1,2.0,1,1.0,0,,no_transport,,concrete,,brick,,metal,,none,yes,non-member,paticipates regularly,not involved,respondent,change,significantly less,['destructive_gear'],change,significantly less,['fishing_pressure'],associated,disagree strongly,disagree strongly,agree strongly,agree strongly,['fish_less'],,['no_change'],,['reduce_fishing'],,yes,['reduce_fishing'],,yes,shrimp_net,2.0,3.5,280.0,2.0,shrimp_net,0.875,664d2e66-375a-48f0-8039-6c0b7e9ad5d3
40,01032023MARC08,5/3/2023 10:00:00 AM,,m,57.0,community,married,primary,respondent,no,0,0,,0,1,1.0,NR,,NR,,NR,,1,1.0,0,,0,,no_transport,,concrete,,reeds,,metal,,NR,yes,member,paticipates regularly,involved,respondent,change,less,['climate_change'],change,more,['no_decrease_perceived'],associated,agree strongly,agree strongly,agree strongly,agree strongly,['no_change'],,['fish_less'],,['change_gear'],,yes,"['fishing_manag', 'reduce_fishing']",,yes,fence_trap,6.0,7.0,770.0,,fish,1.1666666666666667,63246f44-bd58-4641-9197-b54e87c99965
41,01032023MARC08,5/3/2023 10:00:00 AM,,m,57.0,community,married,primary,respondent,no,0,0,,0,1,1.0,NR,,NR,,NR,,1,1.0,0,,0,,no_transport,,concrete,,reeds,,metal,,NR,yes,member,paticipates regularly,involved,respondent,change,less,['climate_change'],change,more,['no_decrease_perceived'],associated,agree strongly,agree strongly,agree strongly,agree strongly,['no_change'],,['fish_less'],,['change_gear'],,yes,"['fishing_manag', 'reduce_fishing']",,yes,shrimp_net,3.0,1.75,200.0,2.0,shrimp_net,0.2916666666666667,63246f44-bd58-4641-9197-b54e87c99965
42,02032023MUCC01,5/3/2023 10:00:00 AM,mucucune,f,62.0,community,single,illiterate,respondent,no,1,0,,0,1,1.0,0,,1,1.0,0,,0,,0,,0,,no_transport,,concrete,,metal,,metal,,rotating_savings,no,non-member,paticipates regularly,not involved,respondent,change,significantly more,['no_decrease_perceived'],change,significantly less,['climate_change'],associated,agree strongly,disagree slightly,agree strongly,disagree strongly,['no_change'],,['fish_less'],Pescar menos sem fazer outro meio de subsistencia,['unsure'],,no,['change_gear'],,yes,shrimp_net,2.0,2.625,210.0,2.0,shrimp_net,0.65625,7280d675-188c-4a44-bcbc-3074ff85831c
43,02032023MUCC02,5/3/2023 10:00:00 AM,mucucune,f,55.0,community,widowed,primary,respondent,no,1,0,,1,1,1.0,1,1.0,0,,0,,1,1.0,0,,0,,no_transport,,concrete,,metal,,metal,,rotating_savings,yes,non-member,not recorded,not involved,respondent,no change,no change,['no_decrease_perceived'],change,significantly less,['climate_change'],unsure,disagree strongly,disagree strongly,agree strongly,disagree strongly,['no_change'],,['no_change'],,['unsure'],,no,['unsure'],,no,shrimp_net,3.0,1.0499999999999998,180.0,2.0,shrimp_net,0.17499999999999996,3cbbfee3-6ad1-4a03-aa2d-10fa77270f31
44,02032023MUCCO3,5/3/2023 10:00:00 AM,mucucune,f,60.0,community,married,illiterate,other member,yes,1,1,1.0,1,0,,1,1.0,0,,0,,1,1.0,0,,0,,no_transport,,concrete,,brick,,metal,,rotating_savings,yes,non-member,paticipates regularly,not involved,respondent,no change,no change,['no_decrease_perceived'],change,significantly less,['fishing_pressure'],unsure,disagree strongly,disagree strongly,agree strongly,agree strongly,['no_change'],,['no_change'],,"['reduce_fishing', 'fishing_manag']",,yes,['fishing_manag'],,yes,glean,2.0,4.0,200.0,,glean,2.0,395c9091-fb31-4e98-8f6f-a82d83b304d2
45,02032023MUCC04,5/3/2023 10:00:00 AM,mucucune,m,60.0,community,married,primary,respondent,no,1,1,1.0,1,1,1.0,0,,1,1.0,0,,1,1.0,0,,0,,no_transport,,sand,,metal,,metal,,rotating_savings,yes,member,paticipates regularly,involved,respondent,change,significantly less,['destructive_gear'],change,significantly less,['fishing_pressure'],not associated,agree strongly,agree strongly,agree strongly,agree strongly,['leave'],,['no_change'],,['plant'],,yes,['fishing_manag'],,yes,fence_trap,5.0,5.0,300.0,,fish,1.0,e1e0b82d-c50c-4767-8e9a-db2b2356e214
46,02032023MUCC05,5/3/2023 10:00:00 AM,mucucune,f,60.0,community,widowed,illiterate,respondent,yes,1,0,,1,1,1.0,1,1.0,0,,0,,1,1.0,0,,0,,no_transport,,concrete,,reeds,,metal,,rotating_savings,yes,member,paticipates regularly,involved,respondent,change,significantly less,['climate_change'],change,significantly less,['unsure'],associated,agree strongly,disagree strongly,agree strongly,agree strongly,['no_change'],,['other'],Vai poupar no grupo de poupanca,['unsure'],,no,['unsure'],,no,glean,4.0,1.75,200.0,,glean,0.4375,e5839cef-8684-4758-8a82-29172236ba81
47,02032023MUCC06,5/3/2023 10:00:00 AM,mucucune,m,73.0,community,married,primary,respondent,no,1,1,1.0,1,1,1.0,1,1.0,0,,0,,1,2.0,0,,0,,no_transport,,concrete,,brick,,metal,,none,yes,member,paticipates regularly,involved,respondent,change,significantly less,['destructive_gear'],change,significantly less,"['fishing_pressure', 'destructive_gear']",associated,agree strongly,disagree strongly,agree strongly,agree strongly,['no_change'],,['no_change'],,['fishing_manag'],,yes,['fishing_manag'],,yes,fence_trap,4.0,12.0,800.0,,fish,3.0,41572b04-c133-4f3c-ae64-59126f8499ab
48,02032023MUCC07,5/3/2023 10:00:00 AM,mucucune,m,33.0,district interior,single,secondary,respondent,no,1,1,1.0,1,1,3.0,NR,,1,1.0,0,,1,2.0,1,1.0,0,,no_transport,,concrete,,metal,,metal,,none,yes,member,paticipates regularly,involved,another person,no change,no change,['no_decrease_perceived'],no change,no change,['no_decrease_perceived'],associated,disagree strongly,disagree strongly,agree strongly,agree strongly,['other'],Reunir_se com colegas para tomar decisoes,['other'],Reunir_se com colegas para a veda,"['change_gear', 'fishing_manag']",,yes,"['change_gear', 'fishing_manag']",,yes,hand_line,8.0,2.0,350.0,,fish,0.25,d1bce094-b376-483c-9a3f-4dedb1c101af
49,02032023MUCC08,5/3/2023 10:00:00 AM,mucucune,m,56.0,community,married,secondary,respondent,no,0,0,,0,1,3.0,1,1.0,0,,0,,0,,0,,0,,car,,concrete,,brick,,metal,,none,yes,member,paticipates regularly,involved,respondent,change,more,['no_decrease_perceived'],change,significantly less,['fishing_pressure'],not associated,disagree strongly,disagree strongly,agree strongly,agree strongly,['no_change'],,['no_change'],,['plant'],,yes,['reduce_fishing'],,yes,gill_net,2.0,19.0,1500.0,3.0,fish,3.1666666666666665,d3be018c-b829-4043-a4f2-d6dba485aae7
50,02032023MUCC09,5/3/2023 10:00:00 AM,mucucune,m,63.0,community,married,primary,respondent,no,1,1,1.0,1,1,2.0,NR,,1,1.0,0,,1,1.0,0,,0,,no_transport,,concrete,,ciment,,metal,,rotating_savings,yes,member,paticipates regularly,involved,respondent,change,less,"['destructive_gear', 'climate_change']",change,less,['fishing_pressure'],associated,agree strongly,disagree slightly,agree strongly,agree strongly,['no_change'],,['change_gear'],,"['change_gear', 'fishing_manag', 'plant']",,yes,['change_gear'],,yes,fence_trap,3.0,3.0,200.0,,fish,1.0,f5861cfd-e955-4aee-b930-ec7adccc24ee
51,03032023MADC01,5/4/2023 10:00:00 AM,madava,f,37.0,district interior,married,illiterate,respondent and other,yes,0,0,,0,1,1.0,0,,0,,0,,0,,0,,0,,no_transport,,concrete,,reeds,,tile,,none,yes,non-member,"does not
participate",not involved,respondent,not sure,not sure,['no_decrease_perceived'],change,less,['fishing_pressure'],unsure,disagree strongly,agree strongly,agree strongly,agree strongly,['fish_less'],,['leave'],,['fishing_manag'],,yes,['fishing_manag'],,yes,glean,2.0,0.75,150.0,,glean,0.375,48311426-546b-4254-99a8-35adda19091b
52,03032023MADC02,5/4/2023 10:00:00 AM,madava,f,37.0,community,married,illiterate,other member,yes,0,0,,0,1,1.0,0,,0,,0,,0,,1,1.0,0,,no_transport,,concrete,,reeds,,metal,,none,no,non-member,paticipates regularly,not involved,respondent,"less than 7
years fishing",not recorded,['NR'],change,significantly less,"['fishing_pressure', 'destructive_gear']",not associated,agree strongly,agree strongly,agree strongly,agree strongly,['fish_less'],,['no_change'],,['unsure'],,no,['fishing_manag'],,yes,glean,3.0,12.0,400.0,,glean,4.0,220ca2c7-2ccc-49c1-b077-e41a34b34a54
53,03032023MADC03,5/4/2023 10:00:00 AM,madava,m,55.0,community,married,secondary,respondent,no,0,0,,0,1,2.0,1,1.0,1,1.0,0,,0,,1,1.0,0,,car,,concrete,,brick,,metal,,bank,yes,member,paticipates regularly,involved,respondent,change,significantly less,['destructive_gear'],change,significantly less,['fishing_pressure'],not associated,agree strongly,agree strongly,agree strongly,agree strongly,['fish_less'],,['leave'],,['change_gear'],,yes,['fishing_manag'],,yes,fence_trap,2.0,5.0,1250.0,,fish,2.5,3d762107-7ba5-4c73-8231-8840c5f0785e
54,03032023MADC04,5/4/2023 10:00:00 AM,madava,f,47.0,community,married,primary,other member,no,0,0,,0,1,1.0,1,1.0,0,,0,,0,,0,,0,,no_transport,,sand,,other,Macuti,straw,,none,yes,non-member,paticipates regularly,not involved,respondent,change,significantly less,['climate_change'],change,significantly less,"['fishing_pressure', 'destructive_gear']",not associated,agree strongly,agree strongly,agree strongly,agree strongly,['fish_less'],,['fish_less'],,['unsure'],,no,"['NR', 'fishing_manag']",,yes,shrimp_net,3.0,1.25,250.0,2.0,shrimp_net,0.20833333333333334,d6f5105c-feeb-404b-9fac-f13258f3282b
55,03032023MADC05,5/4/2023 10:00:00 AM,madava,f,44.0,community,widowed,primary,respondent,no,0,0,,0,0,,1,1.0,0,,0,,0,,0,,0,,no_transport,,concrete,,reeds,,metal,,none,yes,non-member,paticipates regularly,not involved,respondent,change,significantly less,['destructive_gear'],change,significantly less,['destructive_gear'],not associated,disagree strongly,disagree strongly,agree strongly,agree strongly,['no_change'],,['no_change'],,['change_gear'],,yes,['fishing_manag'],,yes,shrimp_net,3.0,1.75,350.0,2.0,shrimp_net,0.2916666666666667,694fffa9-c70c-4217-b4ae-910c37e1fad4
56,03032023MADC06,5/4/2023 10:00:00 AM,madava,m,45.0,community,married,primary,respondent and other,no,0,0,,0,1,12.0,NR,,1,2.0,0,,1,2.0,1,4.0,1,2.0,car,,concrete,,ciment,,metal,,rotating_savings,yes,member,paticipates regularly,involved,another person,change,significantly less,['destructive_gear'],change,less,['destructive_gear'],associated,agree strongly,disagree strongly,agree strongly,agree strongly,"['fish_less', 'change_gear']",,['fish_less'],,['fishing_manag'],,yes,['change_gear'],,yes,drag_net,2.0,50.0,5000.0,12.0,fish,2.0833333333333335,33da9ee8-c9a1-4312-a13c-7f0d3e1d3a7a
57,03032023MADC07,5/4/2023 10:00:00 AM,madava,m,48.0,community,married,secondary,respondent and other,no,0,0,,0,1,2.0,1,1.0,1,1.0,0,,0,,1,1.0,0,,no_transport,,concrete,,other,Macuti,metal,,rotating_savings,yes,member,paticipates regularly,involved,respondent,no change,no change,['no_decrease_perceived'],change,less,"['fishing_pressure', 'climate_change']",associated,agree strongly,agree strongly,agree strongly,agree strongly,['leave'],,['leave'],,"['change_gear', 'fishing_manag']",,yes,"['reduce_fishing', 'fishing_manag']",,yes,gill_net,2.0,4.0,200.0,2.0,fish,1.0,424e2994-918e-4f94-8977-c5e1859075c0
58,03032023MADC08,5/4/2023 10:00:00 AM,madava,m,,community,single,NR,other member,no,0,0,,0,1,2.0,1,1.0,0,,0,,1,1.0,1,1.0,0,,no_transport,,other,Nao registado,other,nao registado,other,nao registado,rotating_savings,yes,non-member,paticipates regularly,not involved,respondent,not sure,not sure,['no_decrease_perceived'],not sure,not sure,['no_decrease_perceived'],unsure,agree strongly,disagree strongly,disagree strongly,disagree strongly,['no_change'],Nao tem ideia,['no_change'],,['unsure'],,no,['NR'],,no,gill_net,5.0,20.0,4000.0,2.0,fish,2.0,a656481f-be46-4f2a-b83d-28a3e3af1f01
59,03042023MADC09,5/4/2023 10:00:00 AM,madava,m,64.0,community,married,primary,respondent and other,no,0,0,,0,0,,0,,1,1.0,0,,0,,0,,0,,no_transport,,concrete,,ciment,,metal,,none,yes,member,paticipates regularly,involved,respondent,not sure,not sure,['no_decrease_perceived'],change,significantly less,['destructive_gear'],associated,agree strongly,disagree strongly,agree strongly,disagree strongly,['no_change'],,['no_change'],,['unsure'],,no,['fishing_manag'],,yes,fence_trap,2.0,3.0,600.0,1.0,fish,1.5,d72a1c2d-952f-4cd9-b936-2a401212a779
60,11032023KUGC01,5/4/2023 10:00:00 AM,kuguana,m,39.0,community,married,primary,respondent,no,1,1,1.0,0,1,2.0,1,1.0,1,1.0,0,,1,1.0,1,1.0,0,,no_transport,,concrete,,reeds,,metal,,none,yes,member,paticipates regularly,involved,respondent,change,less,"['destructive_gear', 'climate_change']",change,significantly less,"['fishing_pressure', 'destructive_gear', 'climate_change']",not associated,agree strongly,agree strongly,agree strongly,agree strongly,['no_change'],,['fish_less'],,['plant'],,yes,['fishing_manag'],,yes,drag_net,5.0,50.0,4500.0,10.0,fish,1.0,8086dab2-e9fd-4d57-9a56-e109d76ca2fe
61,11032023KUGC02,5/4/2023 10:00:00 AM,kuguana,m,31.0,community,married,secondary,respondent,no,0,0,,0,1,1.0,1,1.0,1,1.0,0,,1,1.0,1,1.0,0,,no_transport,,concrete,,reeds,,metal,,none,yes,non-member,paticipates regularly,not involved,respondent,no change,no change,['no_decrease_perceived'],change,significantly less,"['fishing_pressure', 'destructive_gear']",not associated,agree strongly,agree strongly,agree strongly,agree slightly,['no_change'],,['no_change'],,['unsure'],,no,"['reduce_fishing', 'change_gear', 'fishing_manag']",,yes,shrimp_net,3.0,2.4499999999999997,300.0,2.0,shrimp_net,0.40833333333333327,13af85c2-3e37-4931-8988-ebf0d48b5ec8
62,11032023KUGC03,5/4/2023 10:00:00 AM,kuguana,m,43.0,other coastal area,single,primary,respondent,yes,1,0,,1,1,1.0,1,1.0,0,,0,,0,,0,,0,,no_transport,,concrete,,reeds,,metal,,none,yes,non-member,paticipates regularly,not involved,respondent,change,less,['destructive_gear'],change,significantly less,"['fishing_pressure', 'destructive_gear']",associated,agree strongly,agree strongly,agree strongly,agree strongly,['no_change'],,['no_change'],,['plant'],,yes,"['change_gear', 'fishing_manag']",,yes,glean,2.0,2.0,100.0,,glean,1.0,c8d8e389-bc8d-436f-a843-def0ad1223fc
63,11032023KUGC04,5/4/2023 10:00:00 AM,kuguana,m,56.0,community,married,primary,not recorded,no,0,0,,0,1,1.0,1,1.0,0,,0,,0,,1,1.0,0,,no_transport,,concrete,,brick,,metal,,rotating_savings,yes,member,paticipates regularly,involved,respondent,change,significantly less,"['fishing_pressure', 'destructive_gear', 'climate_change']",change,significantly less,"['fishing_pressure', 'destructive_gear']",associated,disagree strongly,disagree strongly,agree strongly,agree strongly,['no_change'],,['no_change'],,['reduce_fishing'],,yes,['fishing_manag'],,yes,drag_net,6.0,30.0,3000.0,12.0,fish,0.4166666666666667,48342f3b-aefd-4bc7-932f-19863d9c7742
64,11032023KUGC05,5/4/2023 10:00:00 AM,kuguana,f,51.0,community,married,illiterate,other member,no,0,0,,0,1,1.0,1,1.0,0,,0,,0,,0,,0,,no_transport,,concrete,,metal,,metal,,rotating_savings,yes,non-member,paticipates regularly,not involved,respondent,no change,no change,['no_decrease_perceived'],change,significantly less,"['destructive_gear', 'fishing_pressure']",not associated,disagree strongly,disagree strongly,agree strongly,agree strongly,['no_change'],,['fish_less'],,['unsure'],,no,"['reduce_fishing', 'fishing_manag']",,yes,fence_trap,4.0,4.0,400.0,,fish,1.0,2361fa78-db27-4c2d-bbc8-83f70deaa1f8
65,11032023KUGC06,5/4/2023 10:00:00 AM,kuguana,f,48.0,community,single,primary,respondent,no,0,0,,0,0,,0,,0,,0,,0,,1,1.0,0,,no_transport,,sand,,other,Macuti,straw,,rotating_savings,yes,non-member,paticipates regularly,not involved,respondent,not sure,not sure,['no_decrease_perceived'],change,significantly less,['climate_change'],unsure,agree slightly,agree strongly,agree strongly,disagree slightly,['no_change'],,['no_change'],,['unsure'],,no,['fishing_manag'],,yes,shrimp_net,2.0,1.575,180.0,2.0,shrimp_net,0.39375,b39899bb-03fa-4977-b62d-1f739026b703
66,11032023KUGC07,5/4/2023 10:00:00 AM,kuguana,m,37.0,community,married,NR,respondent,no,0,0,,0,1,1.0,1,1.0,0,,0,,0,,1,1.0,0,,no_transport,,concrete,,brick,,metal,,none,yes,member,paticipates regularly,involved,respondent,change,significantly less,"['fishing_pressure', 'destructive_gear']",change,significantly less,"['fishing_pressure', 'destructive_gear']",associated,disagree strongly,disagree strongly,agree strongly,agree strongly,['no_change'],,['no_change'],,['plant'],,yes,"['change_gear', 'fishing_manag']",,yes,fence_trap,2.0,4.5,650.0,,fish,2.25,ce3ca77e-d261-445f-a3a0-f31a7418d2e6
67,11032023KUGC08,5/4/2023 10:00:00 AM,kuguana,f,,community,single,primary,other member,yes,0,0,,0,1,2.0,1,1.0,1,1.0,0,,1,1.0,1,1.0,0,,no_transport,,concrete,,brick,,metal,,none,yes,non-member,"does not
participate",not involved,respondent,not sure,not sure,['no_decrease_perceived'],change,less,['climate_change'],unsure,agree strongly,agree strongly,agree strongly,disagree strongly,['no_change'],,['fish_less'],,['unsure'],,no,['fishing_manag'],,yes,glean,2.0,1.0,50.0,,glean,0.5,311c1f76-c004-436e-aaa5-c387d5ca8086
68,10032023SAHC01,5/5/2023 10:00:00 AM,sahane,f,32.0,community,single,secondary,other member,yes,1,1,1.0,0,1,5.0,0,,1,1.0,1,1.0,1,1.0,0,,1,1.0,no_transport,,concrete,,metal,,metal,,none,yes,non-member,paticipates regularly,not involved,respondent,change,significantly less,['destructive_gear'],change,significantly less,"['climate_change', 'destructive_gear']",associated,agree strongly,agree strongly,agree strongly,agree strongly,['leave'],,['leave'],,['plant'],,yes,['fishing_manag'],,yes,glean,4.0,2.0,100.0,,glean,0.5,a142387c-f600-4206-9341-08a2192dc87b
69,10032023SAHC02,5/5/2023 10:00:00 AM,sahane,m,51.0,community,married,primary,respondent,no,0,0,,0,1,1.0,0,,0,,0,,0,,0,,0,,no_transport,,concrete,,reeds,,tile,,none,yes,non-member,paticipates regularly,not involved,respondent,change,significantly less,"['fishing_pressure', 'destructive_gear']",change,significantly less,"['fishing_pressure', 'destructive_gear']",associated,agree slightly,agree slightly,agree strongly,agree strongly,['no_change'],,['fish_less'],,['plant'],,yes,['fishing_manag'],,yes,hand_line,3.0,2.0,300.0,,fish,0.6666666666666666,4198fd8b-b54f-4520-9af3-221fa454e2d3
70,10032023SAHC03,5/5/2023 10:00:00 AM,sahane,m,47.0,community,married,primary,respondent,no,0,0,,0,1,1.0,0,,0,,0,,0,,0,,0,,no_transport,,concrete,,reeds,,metal,,none,yes,non-member,paticipates regularly,not involved,respondent,change,significantly less,['destructive_gear'],change,significantly less,['destructive_gear'],associated,disagree strongly,disagree strongly,agree strongly,agree strongly,['no_change'],,['no_change'],,['unsure'],,no,"['reduce_fishing', 'fishing_manag']",,yes,hand_line,4.0,3.0,450.0,,fish,0.75,7578a7fe-3e22-4523-9cca-3f5af95b40ec
71,10032023SAHC04,5/5/2023 8:33:57 AM,sahane,f,49.0,community,single,primary,not recorded,yes,0,0,,0,1,2.0,1,1.0,0,,0,,1,1.0,0,,0,,no_transport,,concrete,,metal,,metal,,rotating_savings,yes,non-member,paticipates regularly,not involved,respondent,no change,no change,['no_decrease_perceived'],change,less,['fishing_pressure'],associated,disagree strongly,disagree strongly,agree strongly,agree strongly,['no_change'],,['no_change'],,['unsure'],,no,['fishing_manag'],,yes,glean,2.0,2.5,125.0,,glean,1.25,e3ae26a7-1743-40bb-8640-e5c5820dc2db
72,11032023SAHC05,5/5/2023 10:00:00 AM,sahane,m,48.0,community,married,primary,respondent,no,0,0,,0,1,1.0,1,1.0,0,,0,,0,,1,1.0,0,,bicycle,,concrete,,reeds,,metal,,none,yes,non-member,paticipates regularly,not involved,respondent,change,less,['fishing_pressure'],change,significantly less,['fishing_pressure'],associated,agree strongly,agree strongly,agree strongly,agree strongly,['no_change'],,['no_change'],,['fishing_manag'],,yes,['fishing_manag'],,yes,basket_trap,1.5,3.0,300.0,,fish,2.0,2176143e-6c95-4065-aaf8-dd2b5c06794b
73,10032023SAHC06,5/5/2023 10:00:00 AM,sahane,f,,community,not recorded,NR,not recorded,no,0,0,,0,1,1.0,1,1.0,0,,0,,0,,0,,0,,no_transport,,concrete,,reeds,,metal,,rotating_savings,yes,member,paticipates regularly,involved,respondent,change,less,['destructive_gear'],change,significantly less,"['fishing_pressure', 'destructive_gear']",associated,agree slightly,disagree strongly,agree strongly,agree slightly,['no_change'],,['no_change'],,['fishing_manag'],,yes,['reduce_fishing'],,yes,shrimp_net,3.0,2.8,320.0,2.0,shrimp_net,0.4666666666666666,c0a9fc2e-3c53-4638-b671-005d4bdf4e0a
74,10032023SAHC07,5/5/2023 10:00:00 AM,sahane,f,41.0,community,single,primary,respondent,no,0,0,,1,1,1.0,1,1.0,0,,0,,0,,0,,0,,no_transport,,concrete,,metal,,metal,,rotating_savings,yes,member,paticipates regularly,involved,respondent,change,significantly less,['destructive_gear'],change,significantly less,"['fishing_pressure', 'destructive_gear']",associated,agree strongly,agree strongly,agree strongly,agree strongly,['no_change'],,['no_change'],,['change_gear'],,yes,['fishing_manag'],,yes,shrimp_net,3.0,1.4,160.0,2.0,shrimp_net,0.2333333333333333,78b3a6f7-6c90-4c5b-92b8-0429aa3d7f0d
75,10032023SAHC08,5/5/2023 10:00:00 AM,sahane,m,53.0,community,married,primary,respondent,no,1,1,1.0,0,1,2.0,1,1.0,1,1.0,0,,1,1.0,0,,0,,no_transport,,concrete,,metal,,metal,,none,yes,member,paticipates regularly,involved,respondent,change,significantly less,"['fishing_pressure', 'destructive_gear', 'climate_change']",change,significantly less,"['fishing_pressure', 'destructive_gear', 'climate_change']",associated,agree strongly,agree strongly,agree strongly,agree strongly,['no_change'],,['no_change'],,['plant'],,yes,"['change_gear', 'fishing_manag']",,yes,gill_net,4.0,12.0,1300.0,3.0,fish,1.0,c387c597-c901-4337-8cc2-89669a0075a6
76,08032023MORC01,5/5/2023 10:00:00 AM,morrumbene,f,42.0,country,married,primary,respondent and other,yes,0,0,,0,0,,0,,0,,0,,0,,0,,0,,no_transport,,concrete,,reeds,,metal,,rotating_savings,no,non-member,paticipates regularly,not involved,respondent,no change,no change,['no_decrease_perceived'],not sure,not sure,['no_decrease_perceived'],unsure,agree strongly,agree strongly,agree strongly,disagree strongly,['leave'],,['leave'],,['unsure'],,no,['unsure'],,no,glean,3.0,0.875,100.0,,glean,0.2916666666666667,080c16bb-b8f5-4ffc-8847-06ad2644e9e8
77,08032023MORC02,5/5/2023 10:00:00 AM,morrumbene,m,53.0,community,married,illiterate,respondent and other,no,1,1,,1,1,1.0,1,,0,,0,,1,1.0,1,1.0,0,,no_transport,,concrete,,reeds,,metal,,rotating_savings,yes,non-member,paticipates regularly,involved,respondent,change,less,['climate_change'],change,significantly less,['climate_change'],associated,agree strongly,agree slightly,agree strongly,agree strongly,['fish_less'],,['no_change'],,"['reduce_fishing', 'change_gear']",,yes,['fishing_manag'],,yes,gill_net,3.0,10.0,2500.0,2.0,fish,1.6666666666666667,b0418b59-449c-4023-8bf0-8fa7c1b898b7
78,08032023MORC03,5/5/2023 10:00:00 AM,morrumbene,m,55.0,community,married,primary,respondent,no,0,0,,0,1,1.0,1,1.0,0,,0,,0,,0,,1,,no_transport,,concrete,,reeds,,straw,,none,yes,non-member,paticipates regularly,not involved,respondent,change,significantly less,['unsure'],change,significantly less,"['destructive_gear', 'climate_change']",associated,agree strongly,agree strongly,agree strongly,agree slightly,['no_change'],,['no_change'],,['unsure'],,no,['fishing_manag'],,yes,hand_line,4.0,4.0,360.0,,fish,1.0,39bb7473-62da-48b7-ba4e-78eb759956aa
79,08032023MORC04,5/5/2023 10:00:00 AM,morrumbene,f,49.0,country,married,primary,other member,yes,1,0,,1,1,1.0,1,1.0,0,,0,,0,,0,,0,,no_transport,,concrete,,reeds,,other,Macuti,rotating_savings,yes,non-member,paticipates regularly,involved,respondent,not sure,not sure,['no_decrease_perceived'],change,significantly less,['climate_change'],unsure,agree strongly,disagree strongly,agree strongly,agree strongly,['change_gear'],faz apanha de um outro produto,['leave'],,['plant'],,yes,['unsure'],,no,glean,2.0,3.0,100.0,,glean,1.5,4874c133-ba20-4c2f-8687-90de254ce413
80,08032023MORC05,5/5/2023 10:00:00 AM,morrumbene,m,62.0,community,married,primary,respondent,no,1,0,,1,1,1.0,1,1.0,0,,0,,0,,0,,0,,no_transport,,concrete,,reeds,,metal,,none,yes,member,paticipates regularly,involved,respondent,change,significantly less,['climate_change'],change,significantly less,['climate_change'],not associated,disagree strongly,disagree strongly,agree strongly,disagree strongly,['no_change'],,['no_change'],,['unsure'],,no,['fishing_manag'],,yes,fence_trap,4.0,3.0,450.0,,fish,0.75,70a5da35-a387-4d4b-b23a-28bbb462aaca
81,08032023MORC06,5/5/2023 10:00:00 AM,morrumbene,m,69.0,community,married,primary,respondent,no,1,1,1.0,1,1,1.0,1,1.0,0,,0,,1,1.0,0,,0,,no_transport,,concrete,,metal,,metal,,none,yes,member,paticipates regularly,involved,respondent,change,significantly less,['climate_change'],change,significantly less,['climate_change'],not associated,agree slightly,agree strongly,agree strongly,agree strongly,['no_change'],,['no_change'],,['reduce_fishing'],,yes,['fishing_manag'],,yes,shrimp_net,5.0,1.0,200.0,2.0,shrimp_net,0.1,ccc89de7-ecdc-42e0-b52f-9fa6126a04af
82,08032023MORC07,5/5/2023 10:00:00 AM,morrumbene,m,59.0,other coastal area,married,secondary,respondent,no,1,0,,1,1,1.0,1,1.0,0,,0,,0,,0,,0,,no_transport,,concrete,,reeds,,other,Macuti,rotating_savings,yes,non-member,paticipates regularly,involved,respondent,change,significantly less,['climate_change'],change,significantly less,['climate_change'],not associated,disagree strongly,disagree strongly,agree strongly,agree slightly,['no_change'],,['no_change'],,['unsure'],,no,['change_gear'],,yes,shrimp_net,4.0,2.0,200.0,2.0,shrimp_net,0.25,5d503e99-6069-47e1-af86-1475460d53cb
83,08032023MORC08,5/5/2023 10:00:00 AM,morrumbene,m,61.0,community,single,primary,respondent,no,1,1,1.0,0,1,1.0,0,,1,1.0,0,,0,,1,1.0,1,1.0,car,,concrete,,reeds,,metal,,none,yes,member,paticipates regularly,involved,respondent,change,significantly less,"['fishing_pressure', 'destructive_gear']",no change,no change,['no_decrease_perceived'],associated,agree strongly,agree strongly,agree strongly,agree strongly,['no_change'],,['no_change'],,['fishing_manag'],,yes,['fishing_manag'],,yes,drag_net,8.0,100.0,10000.0,12.0,fish,1.0416666666666667,2288d363-51da-4a1a-b197-4755955b3625
84,04032023NGUC01,5/5/2023 10:00:00 AM,nguja,m,62.0,district interior,married,primary,respondent,no,1,0,,1,1,1.0,1,1.0,0,,0,,0,,1,1.0,0,,no_transport,,concrete,,reeds,,metal,,rotating_savings,yes,member,paticipates regularly,involved,respondent,change,significantly less,['climate_change'],change,significantly less,['fishing_pressure'],unsure,agree slightly,agree strongly,agree strongly,agree slightly,['fish_less'],,['fish_less'],,['unsure'],,no,['fishing_manag'],,yes,shrimp_net,4.0,1.75,350.0,2.0,shrimp_net,0.21875,109f0397-13fb-4b66-ae78-c3242e0dfb3f
85,04032023NGUC02,5/5/2023 10:00:00 AM,nguja,m,57.0,community,married,primary,respondent and other,no,1,1,1.0,0,1,1.0,0,,1,1.0,0,,1,1.0,0,,0,,no_transport,,concrete,,reeds,,metal,,none,yes,non-member,"does not
participate",not involved,respondent,change,significantly less,['destructive_gear'],change,significantly less,['destructive_gear'],associated,agree slightly,disagree strongly,agree strongly,agree slightly,['no_change'],,['no_change'],,['change_gear'],,yes,['fishing_manag'],,yes,hand_line,4.0,3.0,210.0,,fish,0.75,7024f1d1-2a28-47a8-a0cf-bd7b474a6669
86,04032023NGUC03,5/5/2023 10:00:00 AM,nguja,m,44.0,other coastal area,married,primary,respondent and other,no,0,0,,0,1,2.0,0,,1,1.0,0,,0,,0,,0,,no_transport,,concrete,,metal,,metal,,rotating_savings,yes,member,paticipates regularly,not involved,respondent,change,more,['no_decrease_perceived'],change,significantly less,['unsure'],associated,agree strongly,agree strongly,agree strongly,disagree strongly,['change_area'],,['fish_less'],,['plant'],,yes,['fishing_manag'],,yes,hand_line,8.0,3.0,225.0,,fish,0.375,8a03c442-0896-4bb6-a7b5-958cfff1a991
87,04032023NGUC04,5/5/2023 10:00:00 AM,nguja,m,49.0,community,married,primary,respondent and other,no,1,0,,0,1,1.0,0,,1,1.0,0,,0,,1,1.0,0,,no_transport,,concrete,,reeds,,straw,,rotating_savings,yes,member,paticipates regularly,involved,another person,change,significantly less,['unsure'],change,significantly less,['fishing_pressure'],associated,agree strongly,agree strongly,agree strongly,agree slightly,['no_change'],,['fish_less'],,['fishing_manag'],,yes,['fishing_manag'],,yes,gill_net,8.0,7.0,500.0,,fish,0.875,b1c8b3da-366e-438e-97fe-3f8b9f1b0db0
88,04032023NGUC05,5/5/2023 10:00:00 AM,nguja,m,52.0,community,married,primary,respondent and other,no,0,0,,0,0,,1,1.0,0,,1,,1,,1,1.0,0,,no_transport,,sand,,reeds,,straw,,rotating_savings,yes,member,paticipates regularly,involved,respondent,change,significantly less,['unsure'],change,significantly less,['unsure'],unsure,agree strongly,agree slightly,agree strongly,agree strongly,['fish_less'],,['fish_less'],,['unsure'],,no,"['reduce_fishing', 'fishing_manag']",,yes,gill_net,8.0,3.0,225.0,,fish,0.375,a7025b7c-a86c-4091-8185-19f87e93a33b
89,04032023NGUC06,5/5/2023 10:00:00 AM,nguja,f,50.0,other coastal area,widowed,primary,respondent,yes,0,0,,0,1,1.0,0,,1,1.0,0,,0,,1,1.0,0,,no_transport,,concrete,,ciment,,metal,,rotating_savings,yes,member,paticipates regularly,involved,respondent,change,significantly less,['unsure'],change,significantly less,['unsure'],associated,agree strongly,agree strongly,agree strongly,agree strongly,['fish_less'],,['fish_less'],,['unsure'],,no,['fishing_manag'],,yes,glean,2.0,2.5,100.0,,glean,1.25,7acab381-7081-4c08-9c9b-70af7d2a0d42
90,04032023NGUC07,5/5/2023 10:00:00 AM,nguja,f,50.0,community,single,illiterate,respondent,yes,0,0,,0,0,,1,1.0,0,,0,,0,,1,1.0,0,,no_transport,,sand,,reeds,,straw,,none,yes,member,paticipates regularly,involved,respondent,change,significantly less,['destructive_gear'],change,significantly less,"['fishing_pressure', 'destructive_gear']",associated,agree slightly,agree strongly,agree strongly,disagree slightly,['leave'],,['fish_less'],,['change_gear'],,yes,['fishing_manag'],,yes,glean,2.0,3.0,75.0,,glean,1.5,fa06f664-5912-42f2-8b5b-2f72d5fb8df1
91,04032023NGUC08,5/5/2023 10:00:00 AM,nguja,m,53.0,community,married,secondary,respondent,no,0,0,,0,1,5.0,1,1.0,0,,0,,0,,1,3.0,0,,no_transport,,concrete,,reeds,,metal,,rotating_savings,yes,non-member,paticipates regularly,not involved,respondent,change,less,['destructive_gear'],change,significantly less,['climate_change'],unsure,agree strongly,agree strongly,agree strongly,disagree strongly,['leave'],"Parar um determinado tempo, ficar sem pescar.",['change_area'],,['unsure'],,no,"['change_gear', 'fishing_manag']",,yes,shrimp_net,5.0,1.875,412.5,2.0,shrimp_net,0.1875,c4fc74a1-fe5c-480d-869a-3078a9556b9b
92,18022023ILHC01,2/18/2023 10:00:00 AM,ilha,f,20.0,community,single,secondary,other member,yes,1,0,,0,1,2.0,0,,1,1.0,1,1.0,1,1.0,1,1.0,0,,no_transport,,concrete,,ciment,,metal,,none,no,non-member,"does not
participate",not involved,respondent,no change,no change,['no_decrease_perceived'],change,less,['unsure'],unsure,agree slightly,disagree strongly,agree strongly,agree strongly,['no_change'],,['no_change'],,['NR'],,not recorded,['NR'],,not recorded,shrimp_net,,,,,shrimp_net,,c98b22ed-337c-4c47-b427-1e748a4ed6c4
93,1902028ILHC02,2/19/2023 10:00:00 AM,ilha,m,62.0,community,married,primary,respondent,no,1,1,1.0,1,1,1.0,1,1.0,0,,0,,1,1.0,1,1.0,1,1.0,no_transport,,tile,,ciment,,metal,,none,yes,non-member,"does not
participate",not involved,respondent,change,significantly less,"['destructive_gear', 'other']",change,less,"['destructive_gear', 'fishing_pressure']",not recorded,agree slightly,disagree strongly,agree strongly,disagree strongly,['no_change'],,['no_change'],,['NR'],,not recorded,['NR'],,not recorded,fence_trap,,,,,fish,,e1e019ca-77d4-4065-88fd-71858068e0d1
94,19022023ILHC03,2/19/2023 10:00:00 AM,ilha,f,53.0,community,married,primary,other member,no,1,0,,0,0,,0,,0,,0,,0,,0,,0,,no_transport,,concrete,,metal,,metal,,none,no,non-member,"does not
participate",not involved,respondent,change,significantly less,['climate_change'],change,significantly less,['fishing_pressure'],not recorded,agree strongly,agree strongly,agree strongly,agree strongly,['no_change'],,['no_change'],,['NR'],,not recorded,['NR'],,not recorded,shrimp_net,,,,,shrimp_net,,962e0ac8-710e-4c41-baf2-4376097ed58d
95,19022023ILHC04,2/19/2023 10:00:00 AM,ilha,m,43.0,community,married,primary,respondent,no,1,0,,0,1,1.0,1,1.0,0,,0,,0,,1,1.0,0,,no_transport,,concrete,,metal,,metal,,rotating_savings,yes,member,paticipates regularly,involved,respondent,change,significantly less,['destructive_gear'],change,significantly less,['fishing_pressure'],not recorded,agree slightly,agree strongly,agree strongly,agree strongly,['no_change'],,['no_change'],,['NR'],,not recorded,['NR'],,not recorded,shrimp_net,,,,,shrimp_net,,05343747-e001-4123-926c-708328b8a3c2
96,19022023ILHc06,2/19/2023 10:00:00 AM,ilha,f,73.0,community,married,illiterate,other member,no,1,0,,0,1,1.0,0,,0,,0,,0,,0,,0,,no_transport,,concrete,,ciment,,metal,,none,no,non-member,"does not
participate",not involved,respondent,change,less,['other'],change,significantly less,"['destructive_gear', 'climate_change']",not recorded,disagree strongly,disagree strongly,agree strongly,disagree strongly,['no_change'],,['no_change'],,['NR'],,not recorded,['NR'],,not recorded,shrimp_net,,,,,shrimp_net,,1e96f143-d7a9-4f10-b95b-4b76d6b5eb62
97,19022023ILHC05,2/19/2023 10:00:00 AM,ilha,f,50.0,community,widowed,primary,respondent,yes,0,0,,0,1,1.0,1,1.0,0,,0,,0,,0,,0,,no_transport,,concrete,,reeds,,metal,,none,no,non-member,"does not
participate",not involved,respondent,change,less,['unsure'],change,less,['fishing_pressure'],not recorded,agree strongly,agree strongly,agree strongly,agree strongly,['no_change'],,['no_change'],,['NR'],,not recorded,['NR'],,not recorded,glean,,,,,glean,,2af6adba-79e5-43dd-a92e-0a9566b7af79
98,19022023ILHC07,3/19/2023 10:00:00 AM,ilha,m,52.0,community,married,primary,respondent,no,1,1,1.0,0,0,,1,1.0,1,1.0,0,,1,1.0,0,,1,1.0,no_transport,,concrete,,ciment,,metal,,rotating_savings,yes,member,paticipates regularly,involved,respondent,change,significantly less,['destructive_gear'],change,significantly less,"['destructive_gear', 'fishing_pressure']",not recorded,agree strongly,disagree strongly,agree strongly,agree strongly,['leave'],,['leave'],,['NR'],,not recorded,['NR'],,not recorded,gill_net,,,,,fish,,2cac770e-ab22-4163-85d3-80dad1b2b666
