,id,date,ccp,gender,age,birth_place,mar_status,ed_level,house_head,glean,electricity,fridge_freezer,fridge_freezer_num,water,matress,matress_num,mobile_phone,mobile_phone_num,smart_phone,smart_phone_num,fan,fan_num,tv,tv_num,radio,radio_num,stove,stove_num,transport,transport_num,floor,floor_other,wall,wall_other,roof,roof_other,access_credit_loans,community_participation,ccp_member,ccp_participation,decision_making_manag,decision_making_fish,change_seagrass,direction_change_seagrass,causes_change_seagrass,change_fish,direction_change_resources,causes_change_resources,link_seagrass_resources,capacity_change_practice,capacity_change_livelihood,capacity_organize,local_knowledge,agency_change_seagrass,agency_change_seagrass_other,agency_change_capture,agency_change_capture_other,action_seagrass,action_seagrass_other,human_mang_seagrass,action_capture,action_capture_other,human_mang_capture,gear,hours,cap_daily_total,value,persons,pract_cat,cpue
0,05032023JOSC01,5/1/2023 10:00:00 AM,josina_machel,f,49.0,community,married,primary,respondent and other,yes,1,0,,0,1,1.0,1,1.0,0,,0,,1,1.0,1,1.0,0,,no_transport,,concrete,,metal,,metal,,none,yes,non-member,paticipates regularly,not involved,respondent,change,less,['climate_change'],change,significantly less,['climate_change'],unsure,agree strongly,agree strongly,agree strongly,agree slightly,['no_change'],,['no_change'],,['unsure'],,no,['fishing_manag'],,yes,glean,6.0,12.0,300.0,,glean,2.0
1,05032023JOSC02,5/1/2023 10:00:00 AM,josina_machel,f,20.0,community,married,secondary,other member,yes,0,0,,0,1,1.0,1,1.0,0,,0,,0,,0,,0,,no_transport,,concrete,,reeds,,straw,,rotating_savings,yes,member,paticipates regularly,involved,respondent,no change,no change,['no_decrease_perceived'],change,less,['unsure'],unsure,agree strongly,agree strongly,agree strongly,disagree slightly,['fish_less'],,['no_change'],,['unsure'],,no,['fishing_manag'],,yes,glean,4.0,2.625,300.0,,glean,0.65625
2,05032023JOSC03,5/1/2023 10:00:00 AM,josina_machel,m,37.0,community,married,illiterate,respondent,no,1,0,,0,0,,1,1.0,0,,0,,0,,0,,0,,no_transport,,concrete,,other,Macuti,straw,,none,no,non-member,paticipates regularly,not involved,respondent,change,significantly less,['destructive_gear'],change,significantly less,['fishing_pressure'],not associated,agree strongly,agree strongly,agree strongly,agree strongly,['no_change'],,['no_change'],,['change_gear'],,yes,['fishing_manag'],,yes,gill_net,7.0,6.0,400.0,2.0,fish,0.42857142857142855
3,05032023JOSC04,5/1/2023 10:00:00 AM,josina_machel,f,31.0,community,married,primary,other member,yes,0,0,,0,0,,0,,1,1.0,0,,0,,0,,0,,no_transport,,concrete,,reeds,,straw,,none,yes,non-member,paticipates regularly,not involved,respondent,change,more,['no_decrease_perceived'],change,significantly less,['destructive_gear'],not associated,agree strongly,agree strongly,agree strongly,agree strongly,['no_change'],,['no_change'],,['unsure'],,no,['fishing_manag'],,yes,glean,5.0,3.0,500.0,,glean,0.6
4,05032023JOSC05,5/1/2023 10:00:00 AM,josina_machel,f,30.0,community,single,secondary,other member,no,1,0,,0,1,2.0,0,,0,,1,1.0,1,1.0,0,,0,,no_transport,,concrete,,reeds,,metal,,none,no,non-member,"does not
participate",not involved,respondent,no change,no change,['no_decrease_perceived'],change,significantly less,['climate_change'],associated,agree strongly,agree strongly,agree strongly,agree strongly,['leave'],,['no_change'],,['fishing_manag'],,yes,['fishing_manag'],,yes,shrimp_net,5.0,3.5,400.0,2.0,shrimp_net,0.35
5,05032023JOSC06,5/1/2023 10:00:00 AM,josina_machel,f,52.0,community,married,primary,other member,yes,1,0,,0,1,1.0,1,1.0,0,,0,,1,1.0,0,,0,,no_transport,,concrete,,metal,,metal,,none,yes,member,paticipates regularly,involved,respondent,change,significantly less,['climate_change'],change,significantly less,"['fishing_pressure', 'climate_change']",not associated,disagree strongly,disagree slightly,agree strongly,disagree strongly,['no_change'],,['no_change'],,['unsure'],,no,['reduce_fishing'],,yes,glean,2.5,10.0,500.0,,glean,4.0
6,05032023JOSC07,5/1/2023 10:00:00 AM,josina_machel,m,47.0,community,single,primary,respondent,no,1,0,,0,0,,1,1.0,1,1.0,0,,1,1.0,0,,0,,no_transport,,concrete,,reeds,,metal,,none,yes,member,paticipates regularly,involved,respondent,change,significantly less,"['destructive_gear', 'climate_change']",change,significantly less,['fishing_pressure'],associated,agree strongly,agree strongly,agree strongly,agree strongly,['no_change'],,['no_change'],,['fishing_manag'],,yes,['fishing_manag'],,yes,diving,3.0,6.0,300.0,,fish,2.0
7,05032023JOSC08,5/1/2023 10:00:00 AM,josina_machel,m,46.0,community,married,primary,respondent,no,1,1,1.0,0,1,1.0,1,1.0,0,,0,,1,1.0,1,1.0,1,1.0,no_transport,,concrete,,ciment,,metal,,none,no,member,paticipates regularly,involved,respondent,change,significantly less,['destructive_gear'],change,significantly less,['destructive_gear'],associated,agree slightly,disagree strongly,agree strongly,agree strongly,['fish_less'],,['leave'],organize with other fishers,['change_gear'],,yes,['fishing_manag'],,yes,hand_line,2.0,7.0,500.0,,fish,3.5
8,07032023NHMUC01,5/1/2023 10:00:00 AM,nhamua,f,60.0,community,married,primary,other member,no,1,0,,0,1,1.0,0,,0,,0,,0,,0,,0,,no_transport,,concrete,,ciment,,metal,,none,no,non-member,paticipates regularly,not involved,respondent,change,significantly less,['unsure'],change,significantly less,['climate_change'],associated,disagree strongly,agree slightly,agree strongly,disagree strongly,['no_change'],,['no_change'],,['unsure'],,no,['unsure'],,no,shrimp_net,3.0,2.0999999999999996,300.0,2.0,shrimp_net,0.3499999999999999
9,07032023NHMUC02,5/1/2023 10:00:00 AM,nhamua,f,70.0,community,widowed,primary,respondent,yes,0,0,,0,1,1.0,0,,0,,0,,0,,0,,0,,no_transport,,concrete,,metal,,metal,,rotating_savings,yes,non-member,paticipates regularly,not involved,respondent,change,significantly less,['climate_change'],no change,no change,['no_decrease_perceived'],associated,agree strongly,agree strongly,agree strongly,disagree slightly,['no_change'],,['fish_less'],,['unsure'],,no,['unsure'],,no,glean,2.5,2.0,100.0,,glean,0.8
10,07032023NHMUC03,5/1/2023 10:00:00 AM,nhamua,f,63.0,community,married,primary,other member,no,1,1,1.0,0,1,3.0,0,,1,1.0,0,,1,1.0,1,1.0,0,,no_transport,,concrete,,metal,,metal,,rotating_savings,yes,non-member,paticipates regularly,not involved,respondent,change,significantly less,['destructive_gear'],change,significantly less,['destructive_gear'],associated,agree strongly,disagree strongly,agree strongly,agree strongly,['fish_less'],,['fish_less'],,"['reduce_fishing', 'change_gear']",,yes,"['reduce_fishing', 'change_gear']",,yes,shrimp_net,3.0,2.8,400.0,2.0,shrimp_net,0.4666666666666666
11,07032023NHMUC04,5/1/2023 10:00:00 AM,nhamua,m,31.0,community,married,secondary,respondent,no,1,0,,0,1,2.0,0,,1,1.0,1,1.0,1,1.0,0,,0,,no_transport,,concrete,,reeds,,straw,,rotating_savings,no,non-member,paticipates regularly,not involved,another person,change,more,['no_decrease_perceived'],change,less,['climate_change'],associated,disagree slightly,agree strongly,agree strongly,agree strongly,['fish_less'],,['fish_less'],,"['reduce_fishing', 'change_gear', 'fishing_manag']",,yes,"['reduce_fishing', 'change_gear', 'fishing_manag']",,yes,gill_net,6.5,24.0,1200.0,3.0,fish,1.2307692307692308
12,07032023NHMUC05,5/1/2023 10:00:00 AM,nhamua,f,66.0,community,single,primary,respondent,yes,0,0,,0,0,,0,,0,,0,,0,,0,,0,,no_transport,,concrete,,reeds,,straw,,none,yes,non-member,paticipates regularly,not involved,respondent,no change,no change,['no_decrease_perceived'],change,less,['unsure'],associated,neutral,agree strongly,agree strongly,disagree strongly,['no_change'],,not sure,,['other'],chuva,no,['reduce_fishing'],,yes,glean,5.0,0.35,60.0,,glean,0.06999999999999999
13,07032023NHMUC06,5/1/2023 10:00:00 AM,nhamua,m,73.0,community,married,primary,respondent,no,1,0,,1,1,1.0,1,1.0,0,,0,,1,1.0,1,1.0,0,,no_transport,,concrete,,ciment,,metal,,none,yes,member,paticipates regularly,involved,respondent,no change,no change,['no_decrease_perceived'],change,significantly less,['fishing_pressure'],associated,disagree strongly,disagree strongly,agree strongly,agree strongly,['no_change'],,['no_change'],,['change_gear'],,yes,"['reduce_fishing', 'change_gear']",,yes,fence_trap,2.0,4.0,480.0,,fish,2.0
14,07032023NHMUC07,5/1/2023 10:00:00 AM,nhamua,m,62.0,community,married,primary,respondent,no,1,1,1.0,1,1,1.0,1,1.0,0,,0,,1,1.0,0,,0,,no_transport,,concrete,,ciment,,metal,,none,yes,non-member,paticipates regularly,involved,respondent,change,significantly less,['destructive_gear'],change,significantly less,"['fishing_pressure', 'destructive_gear']",unsure,agree strongly,agree slightly,agree strongly,agree strongly,['fish_less'],,['no_change'],,['change_gear'],,yes,['fishing_manag'],,yes,fence_trap,2.0,4.0,400.0,,fish,2.0
15,07032023NHMUC08,5/1/2023 10:00:00 AM,nhamua,m,55.0,community,married,primary,respondent,no,1,0,,0,1,3.0,1,1.0,0,,0,,1,1.0,1,1.0,0,,no_transport,,concrete,,ciment,,metal,,none,yes,non-member,paticipates regularly,not involved,respondent,change,significantly less,['climate_change'],change,significantly less,['fishing_pressure'],associated,agree strongly,agree strongly,agree strongly,agree strongly,['no_change'],,['fish_less'],,['unsure'],,no,['unsure'],,no,fence_trap,3.5,4.0,200.0,,fish,1.1428571428571428
16,09032023NHCHC01,5/2/2023 10:00:00 AM,nhamaxaxa,f,50.0,other coastal area,single,illiterate,respondent,no,0,0,,0,1,1.0,1,1.0,0,,0,,0,,0,,0,,no_transport,,sand,,reeds,,straw,,none,no,non-member,paticipates regularly,not involved,respondent,"less than 7
years fishing",not recorded,['NR'],"less than 7
years fishing",not recorded,['NR'],unsure,agree strongly,disagree strongly,agree strongly,agree slightly,['fish_less'],,['no_change'],,['unsure'],,no,['unsure'],,no,shrimp_net,3.5,2.0999999999999996,140.0,2.0,shrimp_net,0.29999999999999993
17,09032023NHCHC02,5/2/2023 10:00:00 AM,nhamaxaxa,f,59.0,community,married,primary,respondent and other,yes,1,0,,1,1,1.0,1,1.0,0,,1,1.0,1,1.0,0,,0,,no_transport,,concrete,,metal,,metal,,rotating_savings,yes,non-member,paticipates regularly,not involved,respondent,change,significantly less,['unsure'],change,significantly less,['fishing_pressure'],associated,agree strongly,agree slightly,agree strongly,agree strongly,['no_change'],,['fish_less'],,['fishing_manag'],,yes,['fishing_manag'],,yes,glean,3.5,5.0,250.0,,glean,1.4285714285714286
18,09032023NHCHC03,5/2/2023 10:00:00 AM,nhamaxaxa,m,38.0,community,married,secondary,respondent,no,1,1,1.0,1,1,1.0,1,1.0,1,1.0,0,,1,1.0,1,1.0,0,,bicycle,,concrete,,reeds,,metal,,none,yes,non-member,paticipates regularly,not involved,respondent,change,significantly less,"['destructive_gear', 'climate_change']",change,significantly less,"['fishing_pressure', 'destructive_gear', 'climate_change']",not associated,agree strongly,agree strongly,agree strongly,agree strongly,['no_change'],,['no_change'],,['fishing_manag'],,yes,['fishing_manag'],,yes,hand_line,6.0,7.0,1400.0,,fish,1.1666666666666667
19,09032023NHCHC04,5/2/2023 10:00:00 AM,nhamaxaxa,m,56.0,community,not recorded,primary,not recorded,no,1,0,,1,1,1.0,1,1.0,0,,1,1.0,1,1.0,1,1.0,0,,no_transport,,concrete,,metal,,metal,,rotating_savings,yes,member,paticipates regularly,involved,respondent,change,significantly less,"['fishing_pressure', 'destructive_gear']",change,significantly less,"['destructive_gear', 'climate_change']",associated,agree strongly,agree strongly,agree strongly,agree strongly,['fish_less'],,['fish_less'],,['reduce_fishing'],,yes,['fishing_manag'],,yes,gill_net,2.0,8.0,1600.0,2.0,fish,2.0
20,09032023NHCHC05,5/2/2023 10:00:00 AM,nhamaxaxa,m,62.0,community,single,primary,respondent,no,0,0,,0,1,1.0,0,,0,,0,,0,,0,,0,,no_transport,,sand,,other,Macuti,straw,,none,yes,non-member,paticipates regularly,not involved,respondent,change,significantly less,['unsure'],no change,no change,['no_decrease_perceived'],associated,disagree slightly,agree slightly,agree strongly,agree strongly,['no_change'],,['fish_less'],,['unsure'],,no,['fishing_manag'],,not recorded,gill_net,5.0,12.0,2000.0,3.0,fish,0.8
21,09032023NHCHC06,5/2/2023 10:00:00 AM,nhamaxaxa,m,40.0,community,married,primary,respondent,no,0,0,,0,1,1.0,1,1.0,0,,0,,NR,,1,1.0,0,,no_transport,,concrete,,reeds,,metal,,none,yes,non-member,paticipates regularly,not involved,respondent,change,not recorded,['NR'],change,significantly less,"['fishing_pressure', 'destructive_gear', 'climate_change']",unsure,agree strongly,agree strongly,agree strongly,agree strongly,['no_change'],,['no_change'],,"['reduce_fishing', 'change_gear']",,yes,['fishing_manag'],,yes,hand_line,5.0,3.0,600.0,,fish,0.6
22,09032023NHCHC07,5/2/2023 10:00:00 AM,nhamaxaxa,f,41.0,community,married,secondary,other member,yes,1,NR,,1,1,2.0,1,1.0,0,,0,,1,1.0,0,,0,,no_transport,,concrete,,ciment,,metal,,rotating_savings,yes,non-member,paticipates regularly,not involved,respondent,change,less,['destructive_gear'],change,significantly less,"['fishing_pressure', 'destructive_gear']",not associated,agree strongly,agree strongly,agree strongly,agree slightly,['no_change'],,['no_change'],,['fishing_manag'],,yes,['fishing_manag'],,yes,glean,3.0,4.0,200.0,,glean,1.3333333333333333
23,09032023NHCHC08,5/2/2023 10:00:00 AM,nhamaxaxa,f,63.0,community,single,illiterate,respondent,no,0,0,,0,0,,1,1.0,0,,0,,0,,0,,0,,no_transport,,sand,,other,Macuti,straw,,none,yes,member,paticipates regularly,involved,respondent,change,significantly less,['fishing_pressure'],change,significantly less,['destructive_gear'],associated,disagree strongly,disagree strongly,agree strongly,agree strongly,['no_change'],,['no_change'],,"['reduce_fishing', 'plant']",,yes,['fishing_manag'],,yes,shrimp_net,2.0,2.4499999999999997,120.0,2.0,shrimp_net,0.6124999999999999
24,02272023CHAC01,5/2/2023 10:00:00 AM,chamane,f,35.0,community,married,secondary,other member,yes,0,0,,0,1,3.0,0,,0,,0,,0,,0,,0,,no_transport,,concrete,,reeds,,metal,,none,yes,non-member,not recorded,not involved,respondent,no change,no change,['no_decrease_perceived'],change,significantly less,['climate_change'],associated,agree strongly,agree strongly,agree strongly,disagree strongly,['no_change'],,['fish_less'],,['unsure'],,no,['unsure'],,no,glean,3.0,2.0,150.0,,glean,0.6666666666666666
25,02272023CHAC02,5/2/2023 10:00:00 AM,chamane,m,58.0,community,widowed,secondary,respondent,yes,1,0,,0,0,,1,1.0,0,,NR,,NR,,NR,,0,,no_transport,,concrete,,reeds,,metal,,none,yes,non-member,not recorded,not involved,respondent,not sure,not sure,['no_decrease_perceived'],change,significantly less,['fishing_pressure'],associated,agree slightly,agree strongly,agree strongly,agree slightly,['fish_less'],,['fish_less'],,['fishing_manag'],,yes,['fishing_manag'],,yes,glean,2.0,2.0,100.0,,glean,1.0
26,02272023CHAC03,5/2/2023 10:00:00 AM,chamane,m,38.0,community,married,primary,respondent,no,0,0,,0,1,1.0,1,1.0,0,,0,,0,,1,1.0,0,,no_transport,,concrete,,metal,,metal,,none,yes,member,paticipates regularly,involved,respondent,no change,no change,['no_decrease_perceived'],change,significantly less,['fishing_pressure'],associated,agree slightly,disagree slightly,agree strongly,agree slightly,['fish_less'],,['fish_less'],,['unsure'],,no,['fishing_manag'],,yes,hand_line,5.0,4.0,175.4,,fish,0.8
27,02272023CHAC04,5/2/2023 10:00:00 AM,chamane,m,62.0,community,married,secondary,respondent,no,0,0,,0,1,6.0,1,3.0,1,1.0,0,,0,,1,2.0,0,,no_transport,,concrete,,reeds,,straw,,none,yes,member,paticipates regularly,involved,respondent,change,significantly less,['climate_change'],change,significantly less,['destructive_gear'],associated,agree strongly,disagree strongly,agree strongly,agree strongly,['no_change'],,['no_change'],,['change_gear'],,yes,['fishing_manag'],,yes,hand_line,8.0,10.0,750.0,,fish,1.25
28,02272023CHAC05,5/2/2023 10:00:00 AM,chamane,m,50.0,other coastal area,married,primary,respondent,no,0,0,,0,0,,1,1.0,1,1.0,0,,0,,0,,0,,car,,concrete,,metal,,metal,,none,yes,member,paticipates regularly,involved,respondent,change,significantly more,['no_decrease_perceived'],change,less,['fishing_pressure'],not associated,agree slightly,disagree strongly,agree strongly,agree strongly,['no_change'],,['no_change'],,['unsure'],,no,['fishing_manag'],,yes,gill_net,5.0,12.5,937.5,2.0,fish,1.25
29,02272023CHAC06,5/2/2023 10:00:00 AM,chamane,m,66.0,country,widowed,primary,respondent,no,0,1,1.0,0,1,1.0,1,1.0,0,,0,,1,1.0,1,1.0,0,,no_transport,,concrete,,metal,,metal,,none,yes,member,paticipates regularly,involved,respondent,change,significantly less,"['fishing_pressure', 'destructive_gear']",change,significantly less,['fishing_pressure'],associated,agree strongly,agree strongly,agree strongly,agree strongly,['fish_less'],,['no_change'],,['reduce_fishing'],plant,yes,['unsure'],,no,gill_net,4.5,6.0,720.0,2.0,fish,0.6666666666666666
30,02272023CHAC06,5/2/2023 10:00:00 AM,chamane,m,66.0,country,widowed,primary,respondent,no,0,1,1.0,0,1,1.0,1,1.0,0,,0,,1,1.0,1,1.0,0,,no_transport,,concrete,,metal,,metal,,none,yes,member,paticipates regularly,involved,respondent,change,significantly less,"['fishing_pressure', 'destructive_gear']",change,significantly less,['fishing_pressure'],associated,agree strongly,agree strongly,agree strongly,agree strongly,['fish_less'],,['no_change'],,['reduce_fishing'],plant,yes,['unsure'],,no,shrimp_net,2.0,6.0,720.0,2.0,shrimp_net,1.5
31,02272023CHAC07,5/2/2023 10:00:00 AM,chamane,m,52.0,country,married,primary,other member,no,0,0,,0,1,1.0,1,1.0,0,,0,,0,,0,,0,,no_transport,,concrete,,wood,,metal,,none,yes,non-member,"does not
participate",not involved,respondent,not sure,not sure,['no_decrease_perceived'],no change,no change,['no_decrease_perceived'],unsure,agree strongly,disagree strongly,agree strongly,agree strongly,['leave'],,['no_change'],,['unsure'],,no,['fishing_manag'],,yes,shrimp_net,2.0,1.75,225.0,2.0,shrimp_net,0.4375
32,01032023MARC01,5/3/2023 10:00:00 AM,,m,37.0,community,married,illiterate,respondent,no,0,0,,0,1,1.0,NR,,1,1.0,0,,0,,0,,0,,no_transport,,concrete,,metal,,metal,,none,yes,member,paticipates regularly,not involved,respondent,change,less,['climate_change'],change,significantly less,"['fishing_pressure', 'destructive_gear']",not associated,disagree slightly,disagree strongly,agree strongly,agree strongly,['no_change'],,['no_change'],,['change_gear'],,yes,['change_gear'],,yes,hand_line,4.0,5.0,300.0,,fish,1.25
33,01032023MARC02,5/3/2023 10:00:00 AM,,m,50.0,community,married,primary,respondent,no,0,0,,0,1,2.0,1,1.0,0,,0,,0,,1,1.0,0,,no_transport,,concrete,,metal,,metal,,rotating_savings,yes,member,paticipates regularly,involved,respondent,change,less,['destructive_gear'],change,significantly less,"['fishing_pressure', 'destructive_gear']",not associated,agree strongly,agree strongly,agree strongly,agree strongly,['no_change'],,['no_change'],,['change_gear'],,yes,['fishing_manag'],,yes,fence_trap,3.0,5.0,250.0,,fish,1.6666666666666667
34,01032023MARC03,5/3/2023 10:00:00 AM,,m,66.0,community,married,primary,respondent,no,0,0,,0,1,1.0,1,1.0,0,,0,,0,,1,1.0,0,,no_transport,,concrete,,ciment,,metal,,rotating_savings,no,non-member,not recorded,involved,respondent,change,significantly less,['unsure'],change,significantly less,['destructive_gear'],associated,disagree strongly,disagree strongly,agree strongly,disagree strongly,['no_change'],,['no_change'],,['change_gear'],,yes,['change_gear'],,yes,basket_trap,3.0,4.0,800.0,,fish,1.3333333333333333
35,01032023MARC04,5/3/2023 10:00:00 AM,,f,45.0,community,married,primary,other member,yes,1,0,,0,0,,0,,0,,0,,0,,0,,0,,no_transport,,concrete,,reeds,,straw,,none,yes,member,paticipates regularly,involved,another person,change,significantly less,['destructive_gear'],change,significantly less,"['fishing_pressure', 'destructive_gear']",associated,agree strongly,agree strongly,agree strongly,agree strongly,['no_change'],,['no_change'],,['change_gear'],,yes,['fishing_manag'],,yes,glean,3.0,12.0,500.0,,glean,4.0
36,01032023MARC05,5/3/2023 10:00:00 AM,,f,49.0,community,married,secondary,other member,no,0,0,,0,0,,0,,0,,0,,0,,0,,0,,no_transport,,concrete,,other,Macuti,straw,,none,yes,member,paticipates regularly,involved,respondent,change,less,['destructive_gear'],change,significantly less,['climate_change'],not associated,disagree strongly,disagree strongly,agree strongly,disagree strongly,['no_change'],,['no_change'],,"['change_gear', 'fishing_manag']",,yes,"['change_gear', 'fishing_manag']",,yes,gill_net,2.0,10.0,500.0,2.0,fish,2.5
37,01032023MARC05,5/3/2023 10:00:00 AM,,f,49.0,community,married,secondary,other member,no,0,0,,0,0,,0,,0,,0,,0,,0,,0,,no_transport,,concrete,,other,Macuti,straw,,none,yes,member,paticipates regularly,involved,respondent,change,less,['destructive_gear'],change,significantly less,['climate_change'],not associated,disagree strongly,disagree strongly,agree strongly,disagree strongly,['no_change'],,['no_change'],,"['change_gear', 'fishing_manag']",,yes,"['change_gear', 'fishing_manag']",,yes,shrimp_net,2.0,5.0,500.0,2.0,shrimp_net,1.25
38,01032023MARC06,5/3/2023 10:00:00 AM,,f,43.0,community,married,primary,other member,no,0,1,1.0,0,1,4.0,0,,1,1.0,0,,0,,1,1.0,0,,no_transport,,concrete,,brick,,metal,,NR,yes,non-member,not recorded,not involved,respondent,change,significantly less,['destructive_gear'],change,significantly less,"['fishing_pressure', 'destructive_gear']",not associated,disagree strongly,disagree strongly,agree strongly,disagree strongly,['no_change'],,['no_change'],,['change_gear'],,yes,['reduce_fishing'],,yes,shrimp_net,3.0,1.75,250.0,2.0,shrimp_net,0.2916666666666667
39,01032023MARC07,5/3/2023 10:00:00 AM,,f,50.0,other coastal area,married,secondary,other member,no,0,1,2.0,0,1,3.0,1,1.0,0,,1,1.0,1,2.0,1,1.0,0,,no_transport,,concrete,,brick,,metal,,none,yes,non-member,paticipates regularly,not involved,respondent,change,significantly less,['destructive_gear'],change,significantly less,['fishing_pressure'],associated,disagree strongly,disagree strongly,agree strongly,agree strongly,['fish_less'],,['no_change'],,['reduce_fishing'],,yes,['reduce_fishing'],,yes,shrimp_net,2.0,3.5,280.0,2.0,shrimp_net,0.875
40,01032023MARC08,5/3/2023 10:00:00 AM,,m,57.0,community,married,primary,respondent,no,0,0,,0,1,1.0,NR,,NR,,NR,,1,1.0,0,,0,,no_transport,,concrete,,reeds,,metal,,NR,yes,member,paticipates regularly,involved,respondent,change,less,['climate_change'],change,more,['no_decrease_perceived'],associated,agree strongly,agree strongly,agree strongly,agree strongly,['no_change'],,['fish_less'],,['change_gear'],,yes,"['fishing_manag', 'reduce_fishing']",,yes,fence_trap,6.0,7.0,770.0,,fish,1.1666666666666667
41,01032023MARC08,5/3/2023 10:00:00 AM,,m,57.0,community,married,primary,respondent,no,0,0,,0,1,1.0,NR,,NR,,NR,,1,1.0,0,,0,,no_transport,,concrete,,reeds,,metal,,NR,yes,member,paticipates regularly,involved,respondent,change,less,['climate_change'],change,more,['no_decrease_perceived'],associated,agree strongly,agree strongly,agree strongly,agree strongly,['no_change'],,['fish_less'],,['change_gear'],,yes,"['fishing_manag', 'reduce_fishing']",,yes,shrimp_net,3.0,1.75,200.0,2.0,shrimp_net,0.2916666666666667
42,02032023MUCC01,5/3/2023 10:00:00 AM,mucucune,f,62.0,community,single,illiterate,respondent,no,1,0,,0,1,1.0,0,,1,1.0,0,,0,,0,,0,,no_transport,,concrete,,metal,,metal,,rotating_savings,no,non-member,paticipates regularly,not involved,respondent,change,significantly more,['no_decrease_perceived'],change,significantly less,['climate_change'],associated,agree strongly,disagree slightly,agree strongly,disagree strongly,['no_change'],,['fish_less'],Pescar menos sem fazer outro meio de subsistencia,['unsure'],,no,['change_gear'],,yes,shrimp_net,2.0,2.625,210.0,2.0,shrimp_net,0.65625
43,02032023MUCC02,5/3/2023 10:00:00 AM,mucucune,f,55.0,community,widowed,primary,respondent,no,1,0,,1,1,1.0,1,1.0,0,,0,,1,1.0,0,,0,,no_transport,,concrete,,metal,,metal,,rotating_savings,yes,non-member,not recorded,not involved,respondent,no change,no change,['no_decrease_perceived'],change,significantly less,['climate_change'],unsure,disagree strongly,disagree strongly,agree strongly,disagree strongly,['no_change'],,['no_change'],,['unsure'],,no,['unsure'],,no,shrimp_net,3.0,1.0499999999999998,180.0,2.0,shrimp_net,0.17499999999999996
44,02032023MUCCO3,5/3/2023 10:00:00 AM,mucucune,f,60.0,community,married,illiterate,other member,yes,1,1,1.0,1,0,,1,1.0,0,,0,,1,1.0,0,,0,,no_transport,,concrete,,brick,,metal,,rotating_savings,yes,non-member,paticipates regularly,not involved,respondent,no change,no change,['no_decrease_perceived'],change,significantly less,['fishing_pressure'],unsure,disagree strongly,disagree strongly,agree strongly,agree strongly,['no_change'],,['no_change'],,"['reduce_fishing', 'fishing_manag']",,yes,['fishing_manag'],,yes,glean,2.0,4.0,200.0,,glean,2.0
45,02032023MUCC04,5/3/2023 10:00:00 AM,mucucune,m,60.0,community,married,primary,respondent,no,1,1,1.0,1,1,1.0,0,,1,1.0,0,,1,1.0,0,,0,,no_transport,,sand,,metal,,metal,,rotating_savings,yes,member,paticipates regularly,involved,respondent,change,significantly less,['destructive_gear'],change,significantly less,['fishing_pressure'],not associated,agree strongly,agree strongly,agree strongly,agree strongly,['leave'],,['no_change'],,['plant'],,yes,['fishing_manag'],,yes,fence_trap,5.0,5.0,300.0,,fish,1.0
46,02032023MUCC05,5/3/2023 10:00:00 AM,mucucune,f,60.0,community,widowed,illiterate,respondent,yes,1,0,,1,1,1.0,1,1.0,0,,0,,1,1.0,0,,0,,no_transport,,concrete,,reeds,,metal,,rotating_savings,yes,member,paticipates regularly,involved,respondent,change,significantly less,['climate_change'],change,significantly less,['unsure'],associated,agree strongly,disagree strongly,agree strongly,agree strongly,['no_change'],,['other'],Vai poupar no grupo de poupanca,['unsure'],,no,['unsure'],,no,glean,4.0,1.75,200.0,,glean,0.4375
47,02032023MUCC06,5/3/2023 10:00:00 AM,mucucune,m,73.0,community,married,primary,respondent,no,1,1,1.0,1,1,1.0,1,1.0,0,,0,,1,2.0,0,,0,,no_transport,,concrete,,brick,,metal,,none,yes,member,paticipates regularly,involved,respondent,change,significantly less,['destructive_gear'],change,significantly less,"['fishing_pressure', 'destructive_gear']",associated,agree strongly,disagree strongly,agree strongly,agree strongly,['no_change'],,['no_change'],,['fishing_manag'],,yes,['fishing_manag'],,yes,fence_trap,4.0,12.0,800.0,,fish,3.0
48,02032023MUCC07,5/3/2023 10:00:00 AM,mucucune,m,33.0,district interior,single,secondary,respondent,no,1,1,1.0,1,1,3.0,NR,,1,1.0,0,,1,2.0,1,1.0,0,,no_transport,,concrete,,metal,,metal,,none,yes,member,paticipates regularly,involved,another person,no change,no change,['no_decrease_perceived'],no change,no change,['no_decrease_perceived'],associated,disagree strongly,disagree strongly,agree strongly,agree strongly,['other'],Reunir_se com colegas para tomar decisoes,['other'],Reunir_se com colegas para a veda,"['change_gear', 'fishing_manag']",,yes,"['change_gear', 'fishing_manag']",,yes,hand_line,8.0,2.0,350.0,,fish,0.25
49,02032023MUCC08,5/3/2023 10:00:00 AM,mucucune,m,56.0,community,married,secondary,respondent,no,0,0,,0,1,3.0,1,1.0,0,,0,,0,,0,,0,,car,,concrete,,brick,,metal,,none,yes,member,paticipates regularly,involved,respondent,change,more,['no_decrease_perceived'],change,significantly less,['fishing_pressure'],not associated,disagree strongly,disagree strongly,agree strongly,agree strongly,['no_change'],,['no_change'],,['plant'],,yes,['reduce_fishing'],,yes,gill_net,2.0,19.0,1500.0,3.0,fish,3.1666666666666665
50,02032023MUCC09,5/3/2023 10:00:00 AM,mucucune,m,63.0,community,married,primary,respondent,no,1,1,1.0,1,1,2.0,NR,,1,1.0,0,,1,1.0,0,,0,,no_transport,,concrete,,ciment,,metal,,rotating_savings,yes,member,paticipates regularly,involved,respondent,change,less,"['destructive_gear', 'climate_change']",change,less,['fishing_pressure'],associated,agree strongly,disagree slightly,agree strongly,agree strongly,['no_change'],,['change_gear'],,"['change_gear', 'fishing_manag', 'plant']",,yes,['change_gear'],,yes,fence_trap,3.0,3.0,200.0,,fish,1.0
51,03032023MADC01,5/4/2023 10:00:00 AM,madava,f,37.0,district interior,married,illiterate,respondent and other,yes,0,0,,0,1,1.0,0,,0,,0,,0,,0,,0,,no_transport,,concrete,,reeds,,tile,,none,yes,non-member,"does not
participate",not involved,respondent,not sure,not sure,['no_decrease_perceived'],change,less,['fishing_pressure'],unsure,disagree strongly,agree strongly,agree strongly,agree strongly,['fish_less'],,['leave'],,['fishing_manag'],,yes,['fishing_manag'],,yes,glean,2.0,0.75,150.0,,glean,0.375
52,03032023MADC02,5/4/2023 10:00:00 AM,madava,f,37.0,community,married,illiterate,other member,yes,0,0,,0,1,1.0,0,,0,,0,,0,,1,1.0,0,,no_transport,,concrete,,reeds,,metal,,none,no,non-member,paticipates regularly,not involved,respondent,"less than 7
years fishing",not recorded,['NR'],change,significantly less,"['fishing_pressure', 'destructive_gear']",not associated,agree strongly,agree strongly,agree strongly,agree strongly,['fish_less'],,['no_change'],,['unsure'],,no,['fishing_manag'],,yes,glean,3.0,12.0,400.0,,glean,4.0
53,03032023MADC03,5/4/2023 10:00:00 AM,madava,m,55.0,community,married,secondary,respondent,no,0,0,,0,1,2.0,1,1.0,1,1.0,0,,0,,1,1.0,0,,car,,concrete,,brick,,metal,,bank,yes,member,paticipates regularly,involved,respondent,change,significantly less,['destructive_gear'],change,significantly less,['fishing_pressure'],not associated,agree strongly,agree strongly,agree strongly,agree strongly,['fish_less'],,['leave'],,['change_gear'],,yes,['fishing_manag'],,yes,fence_trap,2.0,5.0,1250.0,,fish,2.5
54,03032023MADC04,5/4/2023 10:00:00 AM,madava,f,47.0,community,married,primary,other member,no,0,0,,0,1,1.0,1,1.0,0,,0,,0,,0,,0,,no_transport,,sand,,other,Macuti,straw,,none,yes,non-member,paticipates regularly,not involved,respondent,change,significantly less,['climate_change'],change,significantly less,"['fishing_pressure', 'destructive_gear']",not associated,agree strongly,agree strongly,agree strongly,agree strongly,['fish_less'],,['fish_less'],,['unsure'],,no,"['NR', 'fishing_manag']",,yes,shrimp_net,3.0,1.25,250.0,2.0,shrimp_net,0.20833333333333334
55,03032023MADC05,5/4/2023 10:00:00 AM,madava,f,44.0,community,widowed,primary,respondent,no,0,0,,0,0,,1,1.0,0,,0,,0,,0,,0,,no_transport,,concrete,,reeds,,metal,,none,yes,non-member,paticipates regularly,not involved,respondent,change,significantly less,['destructive_gear'],change,significantly less,['destructive_gear'],not associated,disagree strongly,disagree strongly,agree strongly,agree strongly,['no_change'],,['no_change'],,['change_gear'],,yes,['fishing_manag'],,yes,shrimp_net,3.0,1.75,350.0,2.0,shrimp_net,0.2916666666666667
56,03032023MADC06,5/4/2023 10:00:00 AM,madava,m,45.0,community,married,primary,respondent and other,no,0,0,,0,1,12.0,NR,,1,2.0,0,,1,2.0,1,4.0,1,2.0,car,,concrete,,ciment,,metal,,rotating_savings,yes,member,paticipates regularly,involved,another person,change,significantly less,['destructive_gear'],change,less,['destructive_gear'],associated,agree strongly,disagree strongly,agree strongly,agree strongly,"['fish_less', 'change_gear']",,['fish_less'],,['fishing_manag'],,yes,['change_gear'],,yes,drag_net,2.0,50.0,5000.0,12.0,fish,2.0833333333333335
57,03032023MADC07,5/4/2023 10:00:00 AM,madava,m,48.0,community,married,secondary,respondent and other,no,0,0,,0,1,2.0,1,1.0,1,1.0,0,,0,,1,1.0,0,,no_transport,,concrete,,other,Macuti,metal,,rotating_savings,yes,member,paticipates regularly,involved,respondent,no change,no change,['no_decrease_perceived'],change,less,"['fishing_pressure', 'climate_change']",associated,agree strongly,agree strongly,agree strongly,agree strongly,['leave'],,['leave'],,"['change_gear', 'fishing_manag']",,yes,"['reduce_fishing', 'fishing_manag']",,yes,gill_net,2.0,4.0,200.0,2.0,fish,1.0
58,03032023MADC08,5/4/2023 10:00:00 AM,madava,m,,community,single,NR,other member,no,0,0,,0,1,2.0,1,1.0,0,,0,,1,1.0,1,1.0,0,,no_transport,,other,Nao registado,other,nao registado,other,nao registado,rotating_savings,yes,non-member,paticipates regularly,not involved,respondent,not sure,not sure,['no_decrease_perceived'],not sure,not sure,['no_decrease_perceived'],unsure,agree strongly,disagree strongly,disagree strongly,disagree strongly,['no_change'],Nao tem ideia,['no_change'],,['unsure'],,no,['NR'],,no,gill_net,5.0,20.0,4000.0,2.0,fish,2.0
59,03042023MADC09,5/4/2023 10:00:00 AM,madava,m,64.0,community,married,primary,respondent and other,no,0,0,,0,0,,0,,1,1.0,0,,0,,0,,0,,no_transport,,concrete,,ciment,,metal,,none,yes,member,paticipates regularly,involved,respondent,not sure,not sure,['no_decrease_perceived'],change,significantly less,['destructive_gear'],associated,agree strongly,disagree strongly,agree strongly,disagree strongly,['no_change'],,['no_change'],,['unsure'],,no,['fishing_manag'],,yes,fence_trap,2.0,3.0,600.0,1.0,fish,1.5
60,11032023KUGC01,5/4/2023 10:00:00 AM,kuguana,m,39.0,community,married,primary,respondent,no,1,1,1.0,0,1,2.0,1,1.0,1,1.0,0,,1,1.0,1,1.0,0,,no_transport,,concrete,,reeds,,metal,,none,yes,member,paticipates regularly,involved,respondent,change,less,"['destructive_gear', 'climate_change']",change,significantly less,"['fishing_pressure', 'destructive_gear', 'climate_change']",not associated,agree strongly,agree strongly,agree strongly,agree strongly,['no_change'],,['fish_less'],,['plant'],,yes,['fishing_manag'],,yes,drag_net,5.0,50.0,4500.0,10.0,fish,1.0
61,11032023KUGC02,5/4/2023 10:00:00 AM,kuguana,m,31.0,community,married,secondary,respondent,no,0,0,,0,1,1.0,1,1.0,1,1.0,0,,1,1.0,1,1.0,0,,no_transport,,concrete,,reeds,,metal,,none,yes,non-member,paticipates regularly,not involved,respondent,no change,no change,['no_decrease_perceived'],change,significantly less,"['fishing_pressure', 'destructive_gear']",not associated,agree strongly,agree strongly,agree strongly,agree slightly,['no_change'],,['no_change'],,['unsure'],,no,"['reduce_fishing', 'change_gear', 'fishing_manag']",,yes,shrimp_net,3.0,2.4499999999999997,300.0,2.0,shrimp_net,0.40833333333333327
62,11032023KUGC03,5/4/2023 10:00:00 AM,kuguana,m,43.0,other coastal area,single,primary,respondent,yes,1,0,,1,1,1.0,1,1.0,0,,0,,0,,0,,0,,no_transport,,concrete,,reeds,,metal,,none,yes,non-member,paticipates regularly,not involved,respondent,change,less,['destructive_gear'],change,significantly less,"['fishing_pressure', 'destructive_gear']",associated,agree strongly,agree strongly,agree strongly,agree strongly,['no_change'],,['no_change'],,['plant'],,yes,"['change_gear', 'fishing_manag']",,yes,glean,2.0,2.0,100.0,,glean,1.0
63,11032023KUGC04,5/4/2023 10:00:00 AM,kuguana,m,56.0,community,married,primary,not recorded,no,0,0,,0,1,1.0,1,1.0,0,,0,,0,,1,1.0,0,,no_transport,,concrete,,brick,,metal,,rotating_savings,yes,member,paticipates regularly,involved,respondent,change,significantly less,"['fishing_pressure', 'destructive_gear', 'climate_change']",change,significantly less,"['fishing_pressure', 'destructive_gear']",associated,disagree strongly,disagree strongly,agree strongly,agree strongly,['no_change'],,['no_change'],,['reduce_fishing'],,yes,['fishing_manag'],,yes,drag_net,6.0,30.0,3000.0,12.0,fish,0.4166666666666667
64,11032023KUGC05,5/4/2023 10:00:00 AM,kuguana,f,51.0,community,married,illiterate,other member,no,0,0,,0,1,1.0,1,1.0,0,,0,,0,,0,,0,,no_transport,,concrete,,metal,,metal,,rotating_savings,yes,non-member,paticipates regularly,not involved,respondent,no change,no change,['no_decrease_perceived'],change,significantly less,"['destructive_gear', 'fishing_pressure']",not associated,disagree strongly,disagree strongly,agree strongly,agree strongly,['no_change'],,['fish_less'],,['unsure'],,no,"['reduce_fishing', 'fishing_manag']",,yes,fence_trap,4.0,4.0,400.0,,fish,1.0
65,11032023KUGC06,5/4/2023 10:00:00 AM,kuguana,f,48.0,community,single,primary,respondent,no,0,0,,0,0,,0,,0,,0,,0,,1,1.0,0,,no_transport,,sand,,other,Macuti,straw,,rotating_savings,yes,non-member,paticipates regularly,not involved,respondent,not sure,not sure,['no_decrease_perceived'],change,significantly less,['climate_change'],unsure,agree slightly,agree strongly,agree strongly,disagree slightly,['no_change'],,['no_change'],,['unsure'],,no,['fishing_manag'],,yes,shrimp_net,2.0,1.575,180.0,2.0,shrimp_net,0.39375
66,11032023KUGC07,5/4/2023 10:00:00 AM,kuguana,m,37.0,community,married,NR,respondent,no,0,0,,0,1,1.0,1,1.0,0,,0,,0,,1,1.0,0,,no_transport,,concrete,,brick,,metal,,none,yes,member,paticipates regularly,involved,respondent,change,significantly less,"['fishing_pressure', 'destructive_gear']",change,significantly less,"['fishing_pressure', 'destructive_gear']",associated,disagree strongly,disagree strongly,agree strongly,agree strongly,['no_change'],,['no_change'],,['plant'],,yes,"['change_gear', 'fishing_manag']",,yes,fence_trap,2.0,4.5,650.0,,fish,2.25
67,11032023KUGC08,5/4/2023 10:00:00 AM,kuguana,f,,community,single,primary,other member,yes,0,0,,0,1,2.0,1,1.0,1,1.0,0,,1,1.0,1,1.0,0,,no_transport,,concrete,,brick,,metal,,none,yes,non-member,"does not
participate",not involved,respondent,not sure,not sure,['no_decrease_perceived'],change,less,['climate_change'],unsure,agree strongly,agree strongly,agree strongly,disagree strongly,['no_change'],,['fish_less'],,['unsure'],,no,['fishing_manag'],,yes,glean,2.0,1.0,50.0,,glean,0.5
68,10032023SAHC01,5/5/2023 10:00:00 AM,sahane,f,32.0,community,single,secondary,other member,yes,1,1,1.0,0,1,5.0,0,,1,1.0,1,1.0,1,1.0,0,,1,1.0,no_transport,,concrete,,metal,,metal,,none,yes,non-member,paticipates regularly,not involved,respondent,change,significantly less,['destructive_gear'],change,significantly less,"['climate_change', 'destructive_gear']",associated,agree strongly,agree strongly,agree strongly,agree strongly,['leave'],,['leave'],,['plant'],,yes,['fishing_manag'],,yes,glean,4.0,2.0,100.0,,glean,0.5
69,10032023SAHC02,5/5/2023 10:00:00 AM,sahane,m,51.0,community,married,primary,respondent,no,0,0,,0,1,1.0,0,,0,,0,,0,,0,,0,,no_transport,,concrete,,reeds,,tile,,none,yes,non-member,paticipates regularly,not involved,respondent,change,significantly less,"['fishing_pressure', 'destructive_gear']",change,significantly less,"['fishing_pressure', 'destructive_gear']",associated,agree slightly,agree slightly,agree strongly,agree strongly,['no_change'],,['fish_less'],,['plant'],,yes,['fishing_manag'],,yes,hand_line,3.0,2.0,300.0,,fish,0.6666666666666666
70,10032023SAHC03,5/5/2023 10:00:00 AM,sahane,m,47.0,community,married,primary,respondent,no,0,0,,0,1,1.0,0,,0,,0,,0,,0,,0,,no_transport,,concrete,,reeds,,metal,,none,yes,non-member,paticipates regularly,not involved,respondent,change,significantly less,['destructive_gear'],change,significantly less,['destructive_gear'],associated,disagree strongly,disagree strongly,agree strongly,agree strongly,['no_change'],,['no_change'],,['unsure'],,no,"['reduce_fishing', 'fishing_manag']",,yes,hand_line,4.0,3.0,450.0,,fish,0.75
71,10032023SAHC04,5/5/2023 8:33:57 AM,sahane,f,49.0,community,single,primary,not recorded,yes,0,0,,0,1,2.0,1,1.0,0,,0,,1,1.0,0,,0,,no_transport,,concrete,,metal,,metal,,rotating_savings,yes,non-member,paticipates regularly,not involved,respondent,no change,no change,['no_decrease_perceived'],change,less,['fishing_pressure'],associated,disagree strongly,disagree strongly,agree strongly,agree strongly,['no_change'],,['no_change'],,['unsure'],,no,['fishing_manag'],,yes,glean,2.0,2.5,125.0,,glean,1.25
72,11032023SAHC05,5/5/2023 10:00:00 AM,sahane,m,48.0,community,married,primary,respondent,no,0,0,,0,1,1.0,1,1.0,0,,0,,0,,1,1.0,0,,bicycle,,concrete,,reeds,,metal,,none,yes,non-member,paticipates regularly,not involved,respondent,change,less,['fishing_pressure'],change,significantly less,['fishing_pressure'],associated,agree strongly,agree strongly,agree strongly,agree strongly,['no_change'],,['no_change'],,['fishing_manag'],,yes,['fishing_manag'],,yes,basket_trap,1.5,3.0,300.0,,fish,2.0
73,10032023SAHC06,5/5/2023 10:00:00 AM,sahane,f,,community,not recorded,NR,not recorded,no,0,0,,0,1,1.0,1,1.0,0,,0,,0,,0,,0,,no_transport,,concrete,,reeds,,metal,,rotating_savings,yes,member,paticipates regularly,involved,respondent,change,less,['destructive_gear'],change,significantly less,"['fishing_pressure', 'destructive_gear']",associated,agree slightly,disagree strongly,agree strongly,agree slightly,['no_change'],,['no_change'],,['fishing_manag'],,yes,['reduce_fishing'],,yes,shrimp_net,3.0,2.8,320.0,2.0,shrimp_net,0.4666666666666666
74,10032023SAHC07,5/5/2023 10:00:00 AM,sahane,f,41.0,community,single,primary,respondent,no,0,0,,1,1,1.0,1,1.0,0,,0,,0,,0,,0,,no_transport,,concrete,,metal,,metal,,rotating_savings,yes,member,paticipates regularly,involved,respondent,change,significantly less,['destructive_gear'],change,significantly less,"['fishing_pressure', 'destructive_gear']",associated,agree strongly,agree strongly,agree strongly,agree strongly,['no_change'],,['no_change'],,['change_gear'],,yes,['fishing_manag'],,yes,shrimp_net,3.0,1.4,160.0,2.0,shrimp_net,0.2333333333333333
75,10032023SAHC08,5/5/2023 10:00:00 AM,sahane,m,53.0,community,married,primary,respondent,no,1,1,1.0,0,1,2.0,1,1.0,1,1.0,0,,1,1.0,0,,0,,no_transport,,concrete,,metal,,metal,,none,yes,member,paticipates regularly,involved,respondent,change,significantly less,"['fishing_pressure', 'destructive_gear', 'climate_change']",change,significantly less,"['fishing_pressure', 'destructive_gear', 'climate_change']",associated,agree strongly,agree strongly,agree strongly,agree strongly,['no_change'],,['no_change'],,['plant'],,yes,"['change_gear', 'fishing_manag']",,yes,gill_net,4.0,12.0,1300.0,3.0,fish,1.0
76,08032023MORC01,5/5/2023 10:00:00 AM,morrumbene,f,42.0,country,married,primary,respondent and other,yes,0,0,,0,0,,0,,0,,0,,0,,0,,0,,no_transport,,concrete,,reeds,,metal,,rotating_savings,no,non-member,paticipates regularly,not involved,respondent,no change,no change,['no_decrease_perceived'],not sure,not sure,['no_decrease_perceived'],unsure,agree strongly,agree strongly,agree strongly,disagree strongly,['leave'],,['leave'],,['unsure'],,no,['unsure'],,no,glean,3.0,0.875,100.0,,glean,0.2916666666666667
77,08032023MORC02,5/5/2023 10:00:00 AM,morrumbene,m,53.0,community,married,illiterate,respondent and other,no,1,1,,1,1,1.0,1,,0,,0,,1,1.0,1,1.0,0,,no_transport,,concrete,,reeds,,metal,,rotating_savings,yes,non-member,paticipates regularly,involved,respondent,change,less,['climate_change'],change,significantly less,['climate_change'],associated,agree strongly,agree slightly,agree strongly,agree strongly,['fish_less'],,['no_change'],,"['reduce_fishing', 'change_gear']",,yes,['fishing_manag'],,yes,gill_net,3.0,10.0,2500.0,2.0,fish,1.6666666666666667
78,08032023MORC03,5/5/2023 10:00:00 AM,morrumbene,m,55.0,community,married,primary,respondent,no,0,0,,0,1,1.0,1,1.0,0,,0,,0,,0,,1,,no_transport,,concrete,,reeds,,straw,,none,yes,non-member,paticipates regularly,not involved,respondent,change,significantly less,['unsure'],change,significantly less,"['destructive_gear', 'climate_change']",associated,agree strongly,agree strongly,agree strongly,agree slightly,['no_change'],,['no_change'],,['unsure'],,no,['fishing_manag'],,yes,hand_line,4.0,4.0,360.0,,fish,1.0
79,08032023MORC04,5/5/2023 10:00:00 AM,morrumbene,f,49.0,country,married,primary,other member,yes,1,0,,1,1,1.0,1,1.0,0,,0,,0,,0,,0,,no_transport,,concrete,,reeds,,other,Macuti,rotating_savings,yes,non-member,paticipates regularly,involved,respondent,not sure,not sure,['no_decrease_perceived'],change,significantly less,['climate_change'],unsure,agree strongly,disagree strongly,agree strongly,agree strongly,['change_gear'],faz apanha de um outro produto,['leave'],,['plant'],,yes,['unsure'],,no,glean,2.0,3.0,100.0,,glean,1.5
80,08032023MORC05,5/5/2023 10:00:00 AM,morrumbene,m,62.0,community,married,primary,respondent,no,1,0,,1,1,1.0,1,1.0,0,,0,,0,,0,,0,,no_transport,,concrete,,reeds,,metal,,none,yes,member,paticipates regularly,involved,respondent,change,significantly less,['climate_change'],change,significantly less,['climate_change'],not associated,disagree strongly,disagree strongly,agree strongly,disagree strongly,['no_change'],,['no_change'],,['unsure'],,no,['fishing_manag'],,yes,fence_trap,4.0,3.0,450.0,,fish,0.75
81,08032023MORC06,5/5/2023 10:00:00 AM,morrumbene,m,69.0,community,married,primary,respondent,no,1,1,1.0,1,1,1.0,1,1.0,0,,0,,1,1.0,0,,0,,no_transport,,concrete,,metal,,metal,,none,yes,member,paticipates regularly,involved,respondent,change,significantly less,['climate_change'],change,significantly less,['climate_change'],not associated,agree slightly,agree strongly,agree strongly,agree strongly,['no_change'],,['no_change'],,['reduce_fishing'],,yes,['fishing_manag'],,yes,shrimp_net,5.0,1.0,200.0,2.0,shrimp_net,0.1
82,08032023MORC07,5/5/2023 10:00:00 AM,morrumbene,m,59.0,other coastal area,married,secondary,respondent,no,1,0,,1,1,1.0,1,1.0,0,,0,,0,,0,,0,,no_transport,,concrete,,reeds,,other,Macuti,rotating_savings,yes,non-member,paticipates regularly,involved,respondent,change,significantly less,['climate_change'],change,significantly less,['climate_change'],not associated,disagree strongly,disagree strongly,agree strongly,agree slightly,['no_change'],,['no_change'],,['unsure'],,no,['change_gear'],,yes,shrimp_net,4.0,2.0,200.0,2.0,shrimp_net,0.25
83,08032023MORC08,5/5/2023 10:00:00 AM,morrumbene,m,61.0,community,single,primary,respondent,no,1,1,1.0,0,1,1.0,0,,1,1.0,0,,0,,1,1.0,1,1.0,car,,concrete,,reeds,,metal,,none,yes,member,paticipates regularly,involved,respondent,change,significantly less,"['fishing_pressure', 'destructive_gear']",no change,no change,['no_decrease_perceived'],associated,agree strongly,agree strongly,agree strongly,agree strongly,['no_change'],,['no_change'],,['fishing_manag'],,yes,['fishing_manag'],,yes,drag_net,8.0,100.0,10000.0,12.0,fish,1.0416666666666667
84,04032023NGUC01,5/5/2023 10:00:00 AM,nguja,m,62.0,district interior,married,primary,respondent,no,1,0,,1,1,1.0,1,1.0,0,,0,,0,,1,1.0,0,,no_transport,,concrete,,reeds,,metal,,rotating_savings,yes,member,paticipates regularly,involved,respondent,change,significantly less,['climate_change'],change,significantly less,['fishing_pressure'],unsure,agree slightly,agree strongly,agree strongly,agree slightly,['fish_less'],,['fish_less'],,['unsure'],,no,['fishing_manag'],,yes,shrimp_net,4.0,1.75,350.0,2.0,shrimp_net,0.21875
85,04032023NGUC02,5/5/2023 10:00:00 AM,nguja,m,57.0,community,married,primary,respondent and other,no,1,1,1.0,0,1,1.0,0,,1,1.0,0,,1,1.0,0,,0,,no_transport,,concrete,,reeds,,metal,,none,yes,non-member,"does not
participate",not involved,respondent,change,significantly less,['destructive_gear'],change,significantly less,['destructive_gear'],associated,agree slightly,disagree strongly,agree strongly,agree slightly,['no_change'],,['no_change'],,['change_gear'],,yes,['fishing_manag'],,yes,hand_line,4.0,3.0,210.0,,fish,0.75
86,04032023NGUC03,5/5/2023 10:00:00 AM,nguja,m,44.0,other coastal area,married,primary,respondent and other,no,0,0,,0,1,2.0,0,,1,1.0,0,,0,,0,,0,,no_transport,,concrete,,metal,,metal,,rotating_savings,yes,member,paticipates regularly,not involved,respondent,change,more,['no_decrease_perceived'],change,significantly less,['unsure'],associated,agree strongly,agree strongly,agree strongly,disagree strongly,['change_area'],,['fish_less'],,['plant'],,yes,['fishing_manag'],,yes,hand_line,8.0,3.0,225.0,,fish,0.375
87,04032023NGUC04,5/5/2023 10:00:00 AM,nguja,m,49.0,community,married,primary,respondent and other,no,1,0,,0,1,1.0,0,,1,1.0,0,,0,,1,1.0,0,,no_transport,,concrete,,reeds,,straw,,rotating_savings,yes,member,paticipates regularly,involved,another person,change,significantly less,['unsure'],change,significantly less,['fishing_pressure'],associated,agree strongly,agree strongly,agree strongly,agree slightly,['no_change'],,['fish_less'],,['fishing_manag'],,yes,['fishing_manag'],,yes,gill_net,8.0,7.0,500.0,,fish,0.875
88,04032023NGUC05,5/5/2023 10:00:00 AM,nguja,m,52.0,community,married,primary,respondent and other,no,0,0,,0,0,,1,1.0,0,,1,,1,,1,1.0,0,,no_transport,,sand,,reeds,,straw,,rotating_savings,yes,member,paticipates regularly,involved,respondent,change,significantly less,['unsure'],change,significantly less,['unsure'],unsure,agree strongly,agree slightly,agree strongly,agree strongly,['fish_less'],,['fish_less'],,['unsure'],,no,"['reduce_fishing', 'fishing_manag']",,yes,gill_net,8.0,3.0,225.0,,fish,0.375
89,04032023NGUC06,5/5/2023 10:00:00 AM,nguja,f,50.0,other coastal area,widowed,primary,respondent,yes,0,0,,0,1,1.0,0,,1,1.0,0,,0,,1,1.0,0,,no_transport,,concrete,,ciment,,metal,,rotating_savings,yes,member,paticipates regularly,involved,respondent,change,significantly less,['unsure'],change,significantly less,['unsure'],associated,agree strongly,agree strongly,agree strongly,agree strongly,['fish_less'],,['fish_less'],,['unsure'],,no,['fishing_manag'],,yes,glean,2.0,2.5,100.0,,glean,1.25
90,04032023NGUC07,5/5/2023 10:00:00 AM,nguja,f,50.0,community,single,illiterate,respondent,yes,0,0,,0,0,,1,1.0,0,,0,,0,,1,1.0,0,,no_transport,,sand,,reeds,,straw,,none,yes,member,paticipates regularly,involved,respondent,change,significantly less,['destructive_gear'],change,significantly less,"['fishing_pressure', 'destructive_gear']",associated,agree slightly,agree strongly,agree strongly,disagree slightly,['leave'],,['fish_less'],,['change_gear'],,yes,['fishing_manag'],,yes,glean,2.0,3.0,75.0,,glean,1.5
91,04032023NGUC08,5/5/2023 10:00:00 AM,nguja,m,53.0,community,married,secondary,respondent,no,0,0,,0,1,5.0,1,1.0,0,,0,,0,,1,3.0,0,,no_transport,,concrete,,reeds,,metal,,rotating_savings,yes,non-member,paticipates regularly,not involved,respondent,change,less,['destructive_gear'],change,significantly less,['climate_change'],unsure,agree strongly,agree strongly,agree strongly,disagree strongly,['leave'],"Parar um determinado tempo, ficar sem pescar.",['change_area'],,['unsure'],,no,"['change_gear', 'fishing_manag']",,yes,shrimp_net,5.0,1.875,412.5,2.0,shrimp_net,0.1875
92,18022023ILHC01,2/18/2023 10:00:00 AM,ilha,f,20.0,community,single,secondary,other member,yes,1,0,,0,1,2.0,0,,1,1.0,1,1.0,1,1.0,1,1.0,0,,no_transport,,concrete,,ciment,,metal,,none,no,non-member,"does not
participate",not involved,respondent,no change,no change,['no_decrease_perceived'],change,less,['unsure'],unsure,agree slightly,disagree strongly,agree strongly,agree strongly,['no_change'],,['no_change'],,['NR'],,not recorded,['NR'],,not recorded,shrimp_net,,,,,shrimp_net,
93,1902028ILHC02,2/19/2023 10:00:00 AM,ilha,m,62.0,community,married,primary,respondent,no,1,1,1.0,1,1,1.0,1,1.0,0,,0,,1,1.0,1,1.0,1,1.0,no_transport,,tile,,ciment,,metal,,none,yes,non-member,"does not
participate",not involved,respondent,change,significantly less,"['destructive_gear', 'other']",change,less,"['destructive_gear', 'fishing_pressure']",not recorded,agree slightly,disagree strongly,agree strongly,disagree strongly,['no_change'],,['no_change'],,['NR'],,not recorded,['NR'],,not recorded,fence_trap,,,,,fish,
94,19022023ILHC03,2/19/2023 10:00:00 AM,ilha,f,53.0,community,married,primary,other member,no,1,0,,0,0,,0,,0,,0,,0,,0,,0,,no_transport,,concrete,,metal,,metal,,none,no,non-member,"does not
participate",not involved,respondent,change,significantly less,['climate_change'],change,significantly less,['fishing_pressure'],not recorded,agree strongly,agree strongly,agree strongly,agree strongly,['no_change'],,['no_change'],,['NR'],,not recorded,['NR'],,not recorded,shrimp_net,,,,,shrimp_net,
95,19022023ILHC04,2/19/2023 10:00:00 AM,ilha,m,43.0,community,married,primary,respondent,no,1,0,,0,1,1.0,1,1.0,0,,0,,0,,1,1.0,0,,no_transport,,concrete,,metal,,metal,,rotating_savings,yes,member,paticipates regularly,involved,respondent,change,significantly less,['destructive_gear'],change,significantly less,['fishing_pressure'],not recorded,agree slightly,agree strongly,agree strongly,agree strongly,['no_change'],,['no_change'],,['NR'],,not recorded,['NR'],,not recorded,shrimp_net,,,,,shrimp_net,
96,19022023ILHc06,2/19/2023 10:00:00 AM,ilha,f,73.0,community,married,illiterate,other member,no,1,0,,0,1,1.0,0,,0,,0,,0,,0,,0,,no_transport,,concrete,,ciment,,metal,,none,no,non-member,"does not
participate",not involved,respondent,change,less,['other'],change,significantly less,"['destructive_gear', 'climate_change']",not recorded,disagree strongly,disagree strongly,agree strongly,disagree strongly,['no_change'],,['no_change'],,['NR'],,not recorded,['NR'],,not recorded,shrimp_net,,,,,shrimp_net,
97,19022023ILHC05,2/19/2023 10:00:00 AM,ilha,f,50.0,community,widowed,primary,respondent,yes,0,0,,0,1,1.0,1,1.0,0,,0,,0,,0,,0,,no_transport,,concrete,,reeds,,metal,,none,no,non-member,"does not
participate",not involved,respondent,change,less,['unsure'],change,less,['fishing_pressure'],not recorded,agree strongly,agree strongly,agree strongly,agree strongly,['no_change'],,['no_change'],,['NR'],,not recorded,['NR'],,not recorded,glean,,,,,glean,
98,19022023ILHC07,3/19/2023 10:00:00 AM,ilha,m,52.0,community,married,primary,respondent,no,1,1,1.0,0,0,,1,1.0,1,1.0,0,,1,1.0,0,,1,1.0,no_transport,,concrete,,ciment,,metal,,rotating_savings,yes,member,paticipates regularly,involved,respondent,change,significantly less,['destructive_gear'],change,significantly less,"['destructive_gear', 'fishing_pressure']",not recorded,agree strongly,disagree strongly,agree strongly,agree strongly,['leave'],,['leave'],,['NR'],,not recorded,['NR'],,not recorded,gill_net,,,,,fish,
